,Post Author
0,BasieSkanks
1,DrinkingCoconut
2,ABeerAndCheer
3,Aslan_reed
4,sa7ira
5,maymoona
6,Sensirr
7,aladyfleeingzombies
8,halloweenaita1
9,ShameSchool
10,WomanBornGirl
11,CleanItUpJannie
12,heidischallenge
13,the_keto_stoner
14,thefelineismutual
15,thrownawaybytheriver
16,greenapplesaregross
17,cailleach-
18,toy_disco
19,Saitschik
20,looneytoon8
21,Sensirr
22,17throwaways17
23,looneytoon8
24,
25,skankyferret
26,Spriggyplayswow
27,heidischallenge
28,fallopian_felicia
29,throwawaybippitybop
30,BasieSkanks
31,Critical_Percentage
32,purplestreak
33,kitsandkats
34,MediocreFuck
35,Ramesses-ll
36,sqweeks22
37,nutthefunkind
38,Carthimundia
39,DifferentAirGC
40,AnnaSlatz
41,whcxegb
42,DontDoxxMe_Bro
43,Babablacksheep9999
44,loxicom
45,Pinepalm
46,swizzySWERF
47,--wellDAM--
48,RadicalNoel
49,Aslan_reed
50,throwawaytheinhalant
51,CuriousStellar
52,BasieSkanks
53,femmefr0g
54,lunamooncake-
55,
56,throwaway489301
57,Jjackson908
58,dorkasporkas
59,NecessaryScene1
60,myousername
61,designdebatedebug
62,womenopausal
63,lordbimbo
64,emissch
65,hugzboson
66,BasieSkanks
67,impressivesorcery
68,
69,JoanofArc5
70,jupiter_sunstone
71,RosiesCity
72,Gendercriticaldoctor
73,Tastyscallions
74,glazedhamster
75,astropuddles
76,rawcommie
77,skallys
78,liquid_lightning
79,gemini_decay
80,Jalan_atthirari
81,gc_lezthrow
82,kabloona
83,DoneBeenHadBeenDone
84,buffers88
85,Hour_Scarcity
86,
87,Noizyhan
88,day_dreamers_anon
89,LucyWColitisGoesBy
90,girl_undone
91,mkwrites
92,girl_undone
93,shookethangel
94,GCMadamXX
95,okziyal
96,17throwaways17
97,kitcatkittycat
98,Nickels4Tickles
99,IIIIIIIIIIIIIIOIIIII
100,womenopausal
101,Boingo0220
102,
103,deja_vu_blonde
104,pushfingersintoeyes
105,JimmyNeon
106,Noizyhan
107,NPerez99
108,scienceisarealthing
109,planetAsh
110,
111,Babyorlaith123
112,onlyoneovary
113,ExAGP
114,Termenhater
115,corny_reptile
116,DifferentAirGC
117,millenially_ill
118,jetpatch
119,AbbyNierman
120,danceswithapathy1
121,yitziee
122,BasieSkanks
123,fickleherring
124,aurora_gamine
125,lala552
126,ns_for_work
127,Peakedbytransperiods
128,
129,Saitschik
130,cvindati
131,RadFemMonoBi
132,
133,GCnewb
134,Cwpatter
135,heidischallenge
136,womenopausal
137,terfdotcom
138,rainy_gray
139,throwitawaybabycakes
140,ndhlpwdr
141,ResidentDarkness
142,Snowdivaah
143,girl_undone
144,sdb56
145,
146,LittleOwl12
147,patentrose
148,flapyourwings
149,M_mooon
150,finetime5
151,rapzelly
152,notcisjustwoman
153,LouboutinTerf
154,almylicious96
155,GCMadamXX
156,throwawayforthis145
157,Masked_WolfDragoness
158,Senterkitten
159,deathtoapplefags
160,Althea_Rose
161,impersonated_essence
162,d1470681
163,67mane76
164,4369521throwaway
165,TargetHunter22
166,BasedExit
167,radfemthrowaway124
168,IHadManyQuestions
169,
170,TheOGJammies
171,komaedan
172,LucyWColitisGoesBy
173,AggressiveConcert5
174,FDS_Alt
175,isolationized
176,mkwrites
177,heidischallenge
178,AonghusMacKilkenny
179,montanagraey
180,Hoeaft2205
181,MRH2
182,_-__-___-_____
183,35898Throwaway89853
184,XXYourMom
185,hitachi-magic-cat
186,lhatehijabyouwearit
187,Masked_WolfDragoness
188,
189,girl_undone
190,IlIlIlIlIIIIllllll
191,BarkDait
192,StellaZagiew
193,girl_undone
194,crustybreadman
195,RosiesCity
196,MamaBear_givesNoFuks
197,DickIsCheapAndPlenty
198,Time_Barracuda
199,CuddlyTigers
200,lcn1234
201,divinewitch08
202,oblomov-oblomov
203,thekeeper_maeven
204,MelissaVulgaris
205,quantum_complexities
206,accioupvotes
207,Throwmeawayokay233
208,Danielle_Baptiste
209,yeeerrrrrrrrp
210,SpiritedWhole
211,AggressiveConcert5
212,BasieSkanks
213,dogtrainchoo
214,scienceisarealthing
215,fanstasyred
216,pregnantladythrowa
217,MidnightSporty
218,TrumpsTinyTemper
219,catsPyjamas1
220,perfect_snow
221,DanaScullysRevenge
222,flapyourwings
223,FlatCommunication3
224,carnelianchamomile
225,TurdCrapily
226,allthethrowaway420
227,smoothbysantanamp3
228,Throwaway287454
229,Mithrakana
230,drudev
231,DowntownOrenge
232,0seagirl
233,flapyourwings
234,StonerTigerMom
235,badbitxsam
236,mrsloblaw
237,CliteratiWarlord
238,
239,scienceisarealthing
240,thomyorkesforke
241,PoutineAuFoieGras
242,PaleInsect
243,
244,CuddlyTigers
245,Olivia518
246,breadandrosestoo
247,MuchExamination
248,atx2004
249,DianaMarsema
250,femmefr0g
251,ToriaLu
252,LesbianPrincess-
253,scienceisarealthing
254,Thrillcheesier
255,sharky024
256,LittleOwl12
257,myousername
258,loleetahaze
259,academiagcthrowaway
260,4369521throwaway
261,NPerez99
262,djgringa
263,sa7ira
264,AonghusMacKilkenny
265,rbf4eva
266,whitelilyflower
267,Carthimundia
268,astropuddles
269,RosiesCity
270,yohablogato
271,anchovycupcakes
272,RosiesCity
273,plaguedog77
274,cailleach-
275,allthethrowaway420
276,bearknightelf8
277,truenorth195
278,trockburner2018
279,DownWthisSortOfThing
280,LittleOwl12
281,denverkris
282,womenopausal
283,AmaraZM
284,Serenewitch
285,RosiesCity
286,femmefr0g
287,Sasofa
288,scintillatingemerald
289,BasieSkanks
290,lilgreenbite
291,FDS_Alt
292,probably-obnoxious
293,LadyGrimes
294,noralily23
295,AntiCircles
296,BasieSkanks
297,scienceisarealthing
298,TiredInAnAngryWay
299,TheOGJammies
300,Quillopedia
301,haramaat
302,reddorthedragon
303,womenopausal
304,SweetLeilaBaby
305,Thoughtbuffet
306,WomanBornGirl
307,terfvana
308,sierra00912
309,LesbianPrincess-
310,TheOGJammies
311,DontDoxxMe_Bro
312,trockburner2018
313,Cuntzzzilla
314,PurportedFeminist
315,notafraidtosayno
316,toukaaa
317,DowntownOrenge
318,
319,grass-fed_quinoa
320,flapyourwings
321,skallys
322,
323,scienceisarealthing
324,Radfemmythrowaway
325,diddlebits
326,
327,scintillatingemerald
328,yaxxy
329,heidischallenge
330,myousername
331,Termenhater
332,hellamomzilla
333,SwordtoFlamethrower
334,wrapunzel
335,womenopausal
336,melaniesmellany
337,Saitschik
338,
339,RosiesCity
340,daughter_of_bilitis
341,party_of_fire
342,Carlynisgoo
343,RadFriends
344,Wapplapp
345,n6o1
346,scienceisarealthing
347,lindasenora
348,sawinadream
349,fabianoid
350,tryingtoheal4991
351,dino-pikachu
352,NoStreaks
353,Mother-of-Rats
354,
355,Friendly_Tone
356,FDS_Alt
357,sara7147
358,TwizzlersTasteWeird
359,lairacunda
360,
361,therevaj
362,otterinvest
363,motaneul
364,womenopausal
365,
366,SearchLightsInc
367,
368,angrytardis
369,ThrowAwayGenderNorms
370,Terfest_Shadow
371,Throwit_GC
372,MsAndThrope
373,Nightingale1820
374,gin_and_tea
375,gendercritfem
376,move_alongquietly
377,introvertedinthe21st
378,c0d3s1ing3r
379,hostabunch
380,myousername
381,loxicom
382,Reebinder
383,Zeldaxn64
384,prettypennybirdy
385,GCnewb
386,arriere-pays
387,Aslan_reed
388,feralcreature_
389,Suitable-Improvement
390,LittleOwl12
391,tempaccount2020
392,SarcasmSlide
393,Dworkinator5000
394,lunaticlovegood441
395,BraumIsMyDaddy
396,gcarr076
397,SweetLeilaBaby
398,girl_undone
399,throway1433
400,evergone3
401,MidnightSporty
402,Streetmamamona
403,
404,women4women
405,RemarkableRaccoon0
406,F_IK
407,Downtown_Trainer
408,rightoffwoodward
409,girl_undone
410,4369521throwaway
411,BasieSkanks
412,wintersellsmid
413,beetlesandeggs
414,
415,CuriousStellar
416,yetherewestillare
417,caffeinatedcatlady_
418,terfdotcom
419,MidnightSporty
420,PM_ME_UR_LEFT_HAND
421,PM_ME_UR_LEFT_HAND
422,17throwaways17
423,Beepus_Maleepus
424,
425,TheHistoryMachine
426,Loquere
427,sara7147
428,
429,scienceisarealthing
430,carlbennetttr
431,marianep2001
432,specialsodapop
433,lnssea
434,Ex_Muslimah
435,MaceyGingerPreston
436,flapyourwings
437,grandma_seizure
438,
439,even_so
440,iruinconversations
441,womenopausal
442,4369521throwaway
443,sugarwish
444,veronalady
445,Aslan_reed
446,GCDetransThrowaway
447,scienceisarealthing
448,Panaraffe
449,criticalbi
450,sirmooseking
451,
452,Miss-Andryy
453,
454,
455,FeminamRadicalis
456,moglbu
457,diddlebits
458,mkwrites
459,party_of_fire
460,nataliapaz
461,foolishtimbit
462,itsquietlady
463,4lmuerzo
464,RadFriends
465,whitelilyflower
466,gendercritfem
467,loxicom
468,virtuallyincompetent
469,qwertyyyu
470,pattynselma
471,quadruplehaitch
472,Mountains_beyond
473,girlnextdoorl
474,4369521throwaway
475,thoughtful_charge
476,FDS_Alt
477,LanternNut
478,LittleOwl12
479,
480,Erotsppat
481,LittleOwl12
482,jedimasterpadme
483,scienceisarealthing
484,lesbianismnme
485,RosiesCity
486,heidischallenge
487,HyperMenthol
488,femurfatale
489,trw365
490,sasha78334
491,ChiefCensor
492,smallestboo
493,
494,heidischallenge
495,flapyourwings
496,radfemthrowaway-
497,radfemanon
498,fogellegof
499,thatknifegirl
500,ndhlpwdr
501,jewelsvert
502,mgfdaddy
503,criticalthrowaways
504,prettypennybirdy
505,womenopausal
506,bloolbolb
507,NecessarySpeed4
508,NecessarySpeed4
509,clown-in-your-toilet
510,NecessarySpeed4
511,Far-Air
512,kylorenshirtless
513,QueenRowana
514,scienceisarealthing
515,scienceisarealthing
516,flowrface
517,ResidentDarkness
518,Andreasoveralls
519,SweetSerenityKitty
520,gendercritfem
521,67mane76
522,disposablady
523,LittleOwl12
524,flapyourwings
525,Reebinder
526,LittleOwl12
527,Pinepalm
528,ashenputtel
529,allthepainting
530,probably-obnoxious
531,azuriio
532,whitelilyflower
533,molpar
534,billowingcanopy
535,urstillatroll
536,RadFriends
537,trw365
538,lils82
539,
540,womenhavevaginas
541,elpislazuli
542,andromedaunbound
543,LucyWColitisGoesBy
544,
545,KawaiiHarunezumi
546,womenopausal
547,Dec61989
548,mangopeachguava
549,Tastyscallions
550,radfembaby
551,BasieSkanks
552,strikelist
553,FeminamRadicalis
554,greenishdragonfly
555,Calamity_loves_tacos
556,NPerez99
557,billyray105
558,divinewitch08
559,balkan_gc
560,evapogner
561,LilianH
562,Dirty_Cow
563,calloutfolly
564,Jo_in_TN
565,exkinksterthrowaway
566,96babyxo
567,SearchLightsInc
568,scienceisarealthing
569,cathwn
570,Oof_too_Humid
571,why_cambrio
572,boostedvo
573,tr330fsn4rk
574,oldladyknowsnothing
575,Ex_Muslimah
576,diddlebits
577,Chillaxbroskies
578,hamsters-
579,perfect_snow
580,Oneforgh0st
581,Genderhwat
582,bladebreakers
583,Jalsavrah
584,Janedola
585,tr330fsn4rk
586,
587,AphroditeOfEvania
588,Anklebitten23
589,dumbroad
590,Boingo0220
591,
592,17throwaways17
593,Alliepp
594,LittleOwl12
595,SometimesJacka
596,Mountains_beyond
597,Mother-of-Rats
598,whitelilyflower
599,SpecificCall
600,
601,finallyaboy
602,finallyaboy
603,AtTheCrossroads2019
604,
605,AntiCircles
606,Thecthectheopenc
607,fotosynteesi
608,gendercritics
609,
610,lnssea
611,flapyourwings
612,MidnightSporty
613,heidischallenge
614,Cobress
615,fancyfawn
616,sashaelf
617,womenopausal
618,feellikegucci
619,spin_the_globe
620,olivetree08
621,LittleOwl12
622,DowntownOrenge
623,
624,malachi_23
625,nopejustnope72
626,LoveTheGraniteState
627,CookieCowfolk
628,gcacct1
629,flapyourwings
630,DarkLady789
631,Greeneyedgirl17
632,NPerez99
633,Nightingale1820
634,rubythieves
635,
636,ghostofhonor
637,trockburner2018
638,DowntownOrenge
639,FeminamRadicalis
640,apfrun
641,sa7ira
642,FeminamRadicalis
643,
644,mkwrites
645,RosiesCity
646,heidischallenge
647,furious_doog
648,SuttonLeeBayers
649,turalaradem
650,lilacplum
651,arnaq
652,NotTheWorstOne
653,brighteyesbehindyou
654,FeministMuriel
655,LittleOwl12
656,space_pizza_cat
657,Inkantated
658,
659,nzradfems
660,peregrine_throw
661,WrongToy
662,shrubrose
663,LesbianPrincess-
664,SearchLightsInc
665,lacubana
666,ovary-z
667,NorskeEurope
668,astropuddles
669,LierreKeith
670,Alliepp
671,yetherewestillare
672,impersonated_essence
673,dontthrowusawaypls
674,womenopausal
675,SecretSantaKarma
676,LittleOwl12
677,dercio11
678,unicornsAREcorn
679,Lookismer
680,Nightingale1820
681,likelytoffend
682,rubythieves
683,
684,hardy_and_free
685,
686,
687,Ada1q
688,BasieSkanks
689,scienceisarealthing
690,BlackCatSpectre
691,Strict_Vagitarian_XX
692,
693,toran37
694,pinkbralette
695,BasieSkanks
696,
697,leho1995
698,PaleInsect
699,all-bi-myself-
700,thomyorkesforke
701,morningtea50
702,mkwrites
703,aapanag6
704,Mountains_beyond
705,heyhihello97
706,emissch
707,RosiesCity
708,tortiesunite
709,leho1995
710,socess
711,PutridTreacle
712,DowntownOrenge
713,marlymarly
714,excamho
715,hoomanfemail
716,
717,brownclown96
718,vigdisbou
719,isutu
720,womenopausal
721,scienceisarealthing
722,herculeaneffort
723,LittleOwl12
724,trockburner2018
725,
726,
727,mossmalachite
728,scienceisarealthing
729,Tastyscallions
730,LoudAdeptness_2
731,Far-Air
732,bio-woman
733,gendercritics
734,shimelle16
735,MRH2
736,modernmedusaa
737,FeminamRadicalis
738,scienceisarealthing
739,96babyxo
740,Mountains_beyond
741,sosososhocking
742,sqweeks22
743,LittleOwl12
744,WrongToy
745,cfinboston
746,ladyreason
747,pinkyellow65
748,lesfemthrowaway
749,17throwaways17
750,Throwaway198864
751,littlerbear
752,BasieSkanks
753,Concernedmuch
754,
755,Masked_WolfDragoness
756,whinecube
757,ovrndovr
758,GrandmaCrickity
759,whitelilyflower
760,RosiesCity
761,
762,thefelineismutual
763,iverymuchlovelife
764,astropuddles
765,LittleOwl12
766,Black_Phillipa
767,Victoria-Arouet
768,PositiveDaisy
769,blob1010
770,throwaway32241
771,randellweems
772,
773,hoIds_up_spork
774,Ima_Newbie
775,scienceisarealthing
776,IlIlIlIlIIIIllllll
777,AonghusMacKilkenny
778,
779,MRH2
780,whitelilyflower
781,17throwaways17
782,AboveBatman
783,plokijihugygtfrf
784,adultingaf
785,mkwrites
786,womenopausal
787,2Radical4You
788,
789,plumgumdrop
790,thefelineismutual
791,cavinginforsomethin
792,ghost_nipples
793,ghost_nipples
794,OfInternet
795,AonghusMacKilkenny
796,JupiterThunderCrash
797,Confident-Cucumber
798,thekeeper_maeven
799,Psycho_Pikachu
800,ruby_radmuppet
801,diddlebits
802,MRH2
803,throwawaytheday313
804,doritoschilli
805,throw7907
806,lacubana
807,wearenewpotatoes
808,ZucchiniSkewer
809,wickerwoman
810,XplusX
811,exnbthrowaway
812,user320247
813,hesitantlurker
814,marmaladestripes725
815,TheBioWoman
816,stymeth
817,scienceisarealthing
818,dormhousesigh
819,vageennpeenrgender
820,TheOGJammies
821,womenopausal
822,PassRestProd
823,lumiiinosooo
824,womenopausal
825,diarytime
826,enbiee
827,LittleOwl12
828,scienceisarealthing
829,UnableGiraffe3
830,WhoWhereWhyHow
831,dollveinz
832,RosiesCity
833,swerf-n-terf
834,girl_undone
835,AtTheCrossroads2019
836,ashenputtel
837,
838,womenopausal
839,LittleOwl12
840,bigbossbuttcheek
841,celumoculis
842,Amphibiava
843,AtTheCrossroads2019
844,ahcabot
845,SweetLeilaBaby
846,
847,RosiesCity
848,orangeappled1979
849,Kluannoa
850,sa7ira
851,67mane76
852,Leandover
853,
854,amazuonna
855,pinkfluff82
856,Masked_WolfDragoness
857,scienceisarealthing
858,scienceisarealthing
859,CruelEnnui
860,autfcel
861,
862,Sounding_Brass
863,FeminamRadicalis
864,Mountains_beyond
865,aaliyaariaa
866,sasscass17
867,
868,FeminamRadicalis
869,17throwaways17
870,dagah
871,Illustriousworry
872,scienceisarealthing
873,Hiyoheythere
874,jetpatch
875,impressivesorcery
876,AdviceVentThrowaway
877,
878,BasieSkanks
879,ImDrawlingAblank
880,BasieSkanks
881,IfWordsMeanThings
882,NPerez99
883,scienceisarealthing
884,Mamma_Midnight
885,Dzwoneczka
886,Svetlana_Banana
887,GC_collegegirl
888,
889,
890,needhelpmovingon66
891,itsnotaboutewe
892,lonesomehere
893,ImDrawlingAblank
894,VivaciousSphinx
895,2or3thingsIknow
896,Starchildsuperfunk
897,
898,RosiesCity
899,PaleInsect
900,AntiCircles
901,PeaceToAllChik
902,MJJFam
903,scienceisarealthing
904,Inner-Towel
905,LilianH
906,LittleOwl12
907,Starchildsuperfunk
908,RosiesCity
909,reddit_username_one
910,throwawayconfuzzledd
911,AlienUtterings
912,LesbianPrincess-
913,RosiesCity
914,
915,angrytardis
916,sqweeks22
917,hibiscus38
918,JaeBae_Kim
919,listenbuddy125
920,SometimesJacka
921,pleasantxpedantry
922,party_of_fire
923,DowntownOrange
924,Consider_the_Horses
925,Leandover
926,womenopausal
927,beetlesandeggs
928,Loquere
929,TheyCallMeRamon
930,RosiesCity
931,LesbianPrincess-
932,LolaBella07
933,Hanzyle
934,andersdn
935,
936,NPerez99
937,Saitschik
938,TheObservationalist
939,mkwrites
940,Bariesra
941,woman111
942,Uniquethrowaway7531
943,
944,Mountains_beyond
945,lacroicsz5
946,ConstanceWiddershins
947,lonesomehere
948,humanexercise
949,Putawaytherubbish
950,apfrun
951,cavinginforsomethin
952,NecessaryScene1
953,tigersharkchomp
954,Sounding_Brass
955,AonghusMacKilkenny
956,Parassailant
957,whitelilyflower
958,waffleflavouredfloss
959,4isb
960,
961,Satsugai-Seyo
962,Obesepurplecat
963,heidischallenge
964,milpathecat
965,
966,RosiesCity
967,CuddlyTigers
968,JupiterThunderCrash
969,peachlesbian
970,
971,4rmandio
972,Far-Air
973,Queen0fPentacles
974,pattynselma
975,catsbatsallthat
976,sqweeks22
977,loxicom
978,Lookismer
979,
980,spoopypigeon
981,messengerfromhades
982,
983,spoopypigeon
984,olivetree08
985,mkwrites
986,nadsatdevotchka
987,elpislazuli
988,throwthisTERFaway
989,Mountains_beyond
990,cookies_and_wine
991,khebiza
992,sqweeks22
993,venusianpisces
994,tHRowAwayjdbu
995,gerbertie
996,idkfr77
997,Cocksmasher69
998,divinewitch08
999,staiseanoireacht
1000,BasieSkanks
1001,DrinkingCoconut
1002,ABeerAndCheer
1003,Aslan_reed
1004,sa7ira
1005,maymoona
1006,Sensirr
1007,aladyfleeingzombies
1008,halloweenaita1
1009,ShameSchool
