,0
gendercritfem,57
sunkenrocks,44
Not_My_Real_Acct_,42
momwithsjwdaughter,40
throwaway275445,39
SometimesJacka,38
winters_frost,37
daughter_of_bilitis,35
khaste,34
TwinkleTitsGalore,33
standingpretty,29
WraithOfEvaBraun,27
FlatCommunication1,27
aquariumbitch,27
2or3thingsIknow,27
macaroniinapan,27
KevinAndWinnie4Eva,26
burntmatchesburn3x,24
LeishaCamden,22
Upper_Canada_Pango,21
bigpapi579,21
ro0te,21
TrainingBluejay,19
quasarbar,19
terf_fret,18
dusknoirsbigredeye,18
Ergative_Absolutive,17
armalite_isforlovers,17
Oburcuk,16
YesPleaseMadam,16
motion_lotion,16
HALbrother,15
why_cambrio,15
RennBear,15
TheSaint7,14
The_Mushromancer,14
Wiggy_Bop,14
leparsdon,14
knight_siegmeyer,14
DistantGlimmer,14
SALTY_EMO_LIZARD,13
Nebel01,13
B-Clinton-Rapist,13
Los_Angello,13
SovietFurryHunter,13
vampyreking666,13
TheGreatWhoDeeny,13
lisasimpsonfan,12
hedaleksa,12
mushroomyakuza,12
TheHistoryMachine,12
Comfycodone,12
angrybroad,12
StupidHappyPancakes,11
fourenclosedwalls,11
EquivalentApple,11
LookieLookyy,11
PerfectlyDarkTails,11
winewatcher,11
bye-raspberry,10
Methdealer69,10
cushionkin,10
CallaAETHIOPICA,10
griffxx,10
moodystix,10
NikOhNo420,10
BloodDrainedDeer,10
Callsign-Alpha,10
GiveMeMedals,10
whinecube,10
team_sita,10
anchovycupcakes,10
trowawaeij,9
c1ar3,9
69-XXX,9
femurfatale,9
tinycommunist,9
MegaThrowawayFemBoy,9
Didush,9
kristiansands,9
burneralt012,9
pooppass43,9
gendercritics,9
FickleShame,9
Spunkette,9
lemon-rind,9
sojourner_truth_,9
castille360,9
Lady_Montgomery,9
BrightParabolas,9
rezkidsinlove,9
mymarkis666,9
captain_sparkle,9
PassionateIntensity,8
crispycherrypie,8
Starksbaine,8
Katja89,8
bladerunnerjulez,8
denverkris,8
RedditIsFullOfSoy,8
vetealachingada,8
jupiter_sunstone,8
applestrudelterf,8
jetpatch,8
LFCIRE96,8
shaggy1452,8
HandsomeCherry,8
Nibbana0,8
lessabe,8
zavinski,8
Lesbian_Frylock,8
even_so,8
Keystone_Heavy1,7
_alligator_lizard_,7
MotherfuckingWax,7
ns_for_work,7
ShinyMet,7
TheBigDogAteMyAss,7
BobJuan0902,7
Death_Trolley,7
Shelbevil,7
Srfthrowaway,7
smiolet,7
TheWhiteUrkle,7
T_SWIFT_RULEZ,7
terfdotcom,7
chippysammy,7
MacDurce,7
kisukona,7
DimDroog,7
Cent0rea88,7
Raineyclouds,7
Butchie68,7
KweenOfKawaii,7
mundane_muffin,7
DrizzyGizzy,7
suicide-survivor,7
JaeBae_Kim,7
iamhumannothingmore,7
Ironlifeisweird,7
Shv3ya,7
friendlysoviet,6
impersonated_essence,6
TwatchWaffle,6
armaliteisforlovers,6
pacachan,6
Blast_Bonkers,6
Chunkeeguy,6
sneakpeekbot,6
SaintJohnnyBoy,6
QueenRowana,6
AfraidAndInLove,6
letsgotothetrail,6
AcerbicJackalope,6
itcouldve,6
justgwyn,6
n2R3aJVUhTt6zFgk,6
Desmortius,6
ssssecrets,6
Gib_Bagul,6
heather80,6
throwowayowo,6
Orange_Man-Bad,6
swerf-n-terf,6
Hobo-and-the-hound,6
HateVent,6
shymmieshymz,6
17throwaways17,6
ASmartDog,6
Temporary--Secretary,6
kasurimethi,6
InsaneGamer369,6
bishhpls,6
wristaction,6
Bananastic,6
TYRANID_VICTORY,6
AYetiDrivingASubaru,6
girlmayor,6
livipup,6
BigYoghurt,6
DoomProGamer,5
reformedaugust,5
Lifeisstrange74,5
Carezee,5
Think__Critically,5
UnableGiraffe3,5
Fitncurly,5
Jizera,5
ndkaldjen,5
baconbitsy,5
NerdyPugGirl,5
Samura1_I3,5
ComradeHedgehog,5
Concernedmuch,5
ElyssaisDead,5
villanelle23eve,5
TheRealYeeric,5
TotesMessenger,5
athiestgoddess,5
Simulationth3ry,5
ThisIsLifeJim,5
momwithjswdaughter,5
Dusty1000287,5
scaredofangrymen,5
RedTalonRedWater,5
IlIlIlIlIIIIllllll,5
i_can_see_you00,5
EggOfDelusion,5
LittleOwl12,5
ravenclaw188,5
KorianHUN,5
NumericalSystem,5
throwawayc2VjcmV0,5
watpompyelah,5
sewer_mermaid,5
VatistaScrub,5
Basil_FaultOrgano,5
06549r,5
ukhoneybee,5
0nlyL0s3rsC3ns0r,5
MORRISEY_RULEZ,5
Radfemmer,5
doothless,5
TrapsArentGayBro,5
bitchbaby1,5
aboutthednm,5
FrightfulTerrence,5
Practical_Knee,5
Krombopulos-Snake,5
bt21shooky,5
barilace,5
_Hospitaller_,5
yishengqingwa666,5
AroillaBuran,5
Bluemeanie76,5
sierramike76,5
WereRunningOutOfName,5
tr330fsn4rk,5
FluffySarcasmQueen,5
queendead2march19,5
SkreebonkTheBeehonk,5
marianep2001,5
KaleMakesMeSad,5
Peakedalltohell,5
djentropyhardcore,4
Cinnamonsmellsnice,4
_soun,4
Maisiebr,4
Brap_Sugoi,4
DollyKei,4
crustdrunk,4
DieNummerEinsBabo,4
IFARTONBABIES,4
LolliesDontPop,4
Talmiam,4
420WEEB,4
DuckingWrong,4
xScoopityWhoop,4
whitelilyflower,4
theosphicaltheo,4
ZsZagreb,4
Yanrogue,4
maat89,4
AcceptableReference7,4
Weshnon,4
vigdisbou,4
crikeyuhoh,4
HudaThunket,4
Free2BMe80,4
TheFloatingContinent,4
tanoren,4
ikeaEmotional,4
throwawaydjdjxj,4
fiveohfivethree,4
glitteristheanswer,4
SeaOfFrog,4
theproblemischemical,4
divinewitch08,4
Diamantdavid,4
PCsuperiority,4
kjdsx,4
Nobodyinc1,4
Nobody_Likes_DSR,4
DonnaHightower,4
CrashedonMars,4
mrrirri,4
most_slotted_floppy,4
leanflavouredsundae,4
xx_power,4
AcePilotson,4
Calamity_loves_tacos,4
random_ass_girl,4
Llamayoda,4
Environmental_East,4
aeioweyou,4
smashy-galore,4
loxicom,4
bendercritical,4
DykeWithANutAllergy,4
TwoSquareClocks,4
Defileddnl,4
JasonPegasi,4
PassRestProd,4
nonpenishaver,4
soundsfromoutside,4
local_crackhead,4
Hamover,4
nautical_narcissist,4
spiralbutupwards,4
fishcakesthecat,4
four_q,4
ExiledExarch,4
Mother-of-Rats,4
AncapsAreCommies,4
brujablanca,4
Tweetledeedle,4
little-firebird,4
monojuice_potion,4
LondonTransbian,4
alllthewebs,3
BSlegions,3
pinkeythehoboken22,3
dmstewar2,3
realvctmsdntdrnkmlk,3
AsleepGovernment0,3
Polonagrom,3
TessKaos,3
FullFatVeganCheese,3
rad_daphne,3
trust_my_shadow,3
ricochetblue,3
PennsylvanianChicken,3
Karulew,3
malatemporacurrunt,3
castingcoucher123,3
Fantastic-Otter,3
gay_unicorn666,3
LadyE123,3
Bobobobobobobo808,3
Ohhiohyo,3
treintrien,3
BearsBirdsBooks,3
bushcrapping,3
BiteYourTongues,3
Gravnor,3
SheetmasksAndProzac,3
MirriMazDuur,3
Haesperea,3
ashlily05,3
-Skelly-,3
cerabella1,3
t3rribleTammy,3
DramaOnDisplay,3
arzrer,3
Ummah_Strong,3
Michael_Huntington,3
deadpolice,3
gayMcGayerson,3
BrynhildsPyre,3
corpsecabin,3
brenb1120,3
d00bsack,3
cmc939,3
syrune,3
forvalentinesday2020,3
zombieggs,3
pattismithshair,3
sanchypanchy,3
Little_Tin_Goddess,3
A_Rocky_whore,3
asdfghjklshi,3
Needcompass,3
Tabasco_Brand,3
Doodbones,3
IGiveAFuck2,3
McDiezel2,3
jebbyjeb3,3
DilateTheCaliphate,3
freckledfox01,3
FancyRedditAccount,3
loganblade14,3
Torchbearer_Rabbit,3
somegenerichandle,3
againsteggcults,3
doritoschilli,3
mystikelftwigg,3
Nikai_Vi,3
hamsters-,3
anti-hypergamist,3
arealbigboss,3
Grassyknow,3
Maly_Querent,3
TypewriterFeels,3
Bancatone,3
yti555,3
Frozecoke,3
mypolarbear,3
DevianttKitten,3
CaptainBazbotron,3
FoxyFoxy1987,3
WimminCritter,3
Espressopatronumjoe,3
realsciencenow,3
crazyyscorpion,3
lnssea,3
crazyangryfemale,3
muricanwerewolf1,3
Unimagi,3
Zurflu,3
invaded_by_mother,3
Rock3tte,3
NoStreaks,3
GeorgiaMRomero,3
juanita_d,3
soberasfuck,3
ShaggyGotSauce,3
SeasideLimbs,3
MoreSpikes,3
donofsandiego,3
NecroC,3
6Bluecats,3
saurontheabhored,3
codeinymph,3
Haelester,3
AlteredTeapot,3
tally2001,3
Mentalink,3
carpetplaydohx2,3
Miss-Andryy,3
SureSureFightFight,3
smokyqueer,3
assdriller_protocol,3
XavandSo,3
APrivatephilosophy,3
sadievenhavetodothis,3
frostrust,3
bodysnatchersss,3
Manoncaroni,3
Iapd,3
katakanbr,3
itsmauitime,3
BaristanSelmy,3
sadie_gee,3
ResponsibleCharacter,3
exnonbinary,3
EmEffBee,3
txstoploss,3
IveGotIssues9918,3
sick_of_men,3
palerthanrice,3
DowntownOrenge,3
Miria908,3
Yipper46,3
abcxyz-,3
corny_reptile,3
fedram,3
okfetishist,3
breadandrosestoo,3
Ikeaboo,3
0seagirl,3
MLGShrek6,3
MerakiKosmos,3
Zombeedee,3
throwawaymcprick,3
Dr_Mint_Pinch,3
a_risen_phoenix,3
Terf_Force_One,3
newRoad5,3
glazedhamster,3
Thracius_Augustus,3
JorgitoEstrella,3
mypretties,3
3MistersAndAMissy,3
CheeseSteak_w_WhiZ,3
Minoxidil,3
Luckychuck24,3
foxtrail87,3
SunflowerBestFlower,3
THE_VIRGIN_SURGEON,3
fortnitemaster6,3
dijkstraschicken,3
noisyasamouse,3
DavidGjam,3
nruthh,3
for-fuckssake,3
CranjisBasketball,3
sabatonsungwrong,3
girlfromrosecity,3
Surf1nTERF,3
Santasmother87,3
orangetato,3
XxX_GoV3gan420_XxX,3
Duke_LFG,3
Alakazamon,3
Good-Bloke,2
iwillsuckyiurdickfag,2
Kyonthefuckpup,2
Vision444,2
w33dwick,2
MrTakis,2
thebonesyoushow,2
PPLovee,2
enkeksinimeeapua,2
deleteseverything,2
ayorules,2
ProbablyNotYourSon,2
ZTB413,2
Arsspeak,2
TheSadistKingofTypos,2
Pilsu,2
Amareldys,2
RamenTheMan,2
Darwinthebeast,2
TheGloryOfRome,2
VaporwaveVampire,2
Adramolino,2
ScottsThots,2
atmpls,2
thinking24,2
puffin_face,2
throwawayrf70,2
Intruative,2
Lateknighttt,2
the_truth_is_asshole,2
TeenyTinyTeratoma,2
FalseMembership,2
FarSeat6,2
LesbianPrincess-,2
Jack2036,2
DredgenZeta,2
OwnCantaloupe,2
paddedprincess77,2
TheHeroReditDeserves,2
LivingandDyinginLA,2
GeekyDoesReddit,2
coffeechilliandgym,2
bassabassa,2
an0nny,2
hexchromosome,2
RaineWillow,2
rrrrrreeeeeeeeeeeee,2
nougatbridge,2
dedicatedgc,2
Xaidhaan,2
wodudj,2
toukaaa,2
miserybizness,2
BasteAndRedpilled,2
GCchick,2
gunner_jingo,2
CyinFromJohto,2
supernikio2,2
vangogh-thot,2
brewmastermonk,2
leibniz2971,2
GodefroydeBouillonII,2
SoefianB,2
MatthewH0,2
Aka-342,2
fakehazelnutspread,2
Dr_Bukkakee,2
littlerbear,2
antikvariaatti,2
MagicalBouyantOrango,2
I_Hate_Your_gutzzz,2
DianneBeckett,2
matchass,2
videogamegirl7,2
-Numbing-,2
commupissed,2
Tezz404,2
millenially_ill,2
shadybellybabe,2
040612,2
lyamc,2
obersturmfuhrerss,2
theycallmeshooting,2
WayOfTheDingo,2
thiswomanthatiknow,2
samfishx,2
TomAndMigg,2
RLaminin,2
darccseal,2
Ultrcombraun,2
RedNumber_40,2
avicioustradition,2
NorthernTrainwreck,2
turnintowords,2
autistZombie,2
DiskoPanic,2
Tabitha88888888,2
Phanners,2
AdultHumanTERF,2
fanslo,2
K-Tech2,2
YouKnwNthgJonSnow,2
TrumpCardStrategy,2
123bpd,2
Stewie2in,2
SuspiciousVelcro,2
evanthesquirrel,2
comradeconradical,2
Sks44,2
modudupup,2
mildchaosmajorodd,2
d1tz,2
AwesomeAim,2
alexis21893,2
Thro_aWay42,2
ceropegia-woodii,2
iRainbowsaur,2
noralily23,2
Glorious_Jo,2
ViridianSurfer,2
alpkaan36,2
Esoteric-Wanderlust,2
revolvernyacelot,2
TrveKvltHeathen3,2
TrappyIsBae,2
Skank-Hunt-40-2,2
piouou,2
sophia_sapientai,2
OwOhitlersan,2
espresia,2
CharmedBat,2
Gayosexual,2
pestilence27,2
WeWereNeverFriends,2
-Fateless-,2
gatherinfer,2
oneup1-up,2
ImpressiveCherry,2
ArtGal94,2
darkabyssaldemon,2
MsMister,2
Phidwig,2
Kraaankkk,2
doggo_to_the_rescue,2
SnickersRey,2
Cosima_Niehaus,2
brianjonestown,2
Terror-Error,2
johnnymayhew28,2
ReallyDryWater,2
yipopov,2
veryquiethuman,2
mechanicgodcreation,2
FINDTHECOMPUTERROOM,2
akaSM,2
KelseyAnn94,2
TheNeopetsLabRay,2
ThatMidJuneNostalgia,2
femoidmary,2
MisterPolPot,2
walkingtalkingdread,2
balkan_gc,2
Throwaway4638574,2
VAPORMACHINESLTD2001,2
realestniggainreddit,2
GypsyDanger_1013,2
AceTheBot,2
TheUnionJake,2
sadgobad,2
Sea_Safer,2
Slumph,2
Rude_Entry,2
adorigranmort,2
Deliciously_wired,2
apocalymon,2
FruitTreesRule,2
Sagegems74,2
ParagonDeku,2
Machoke47,2
TheDysaster,2
Lil-Miss-Anthropy,2
make_them_rage,2
Seriphe,2
doktorjackofthemoon,2
dodgedthatbulletboi,2
calmstresscalm,2
Arethysa,2
soara12,2
YU5AKU,2
triptodisneyland2017,2
Phear_Cassidy,2
Wolmeatop,2
plastico07,2
Millicent98,2
boogieunicorn,2
_AquaX_,2
BoudiccaReturns,2
koolkaynsklub,2
Sekmet_Eternal,2
jormahoo,2
I_am_Redbird,2
43Uhlov73,2
Mnemonomorph,2
willowfaeri,2
PokemonGO_____,2
windowsxp125,2
nini551,2
flamingo_clouds,2
Robot_Anime_Girl,2
Lalandjdjdjfj,2
leethevaultdweller,2
sayqueen,2
bumbum_69,2
kabloona,2
CricketNiche,2
necfectra,2
Purepower7,2
featherdino,2
RicochetChez,2
Neko-Mo,2
LizardsAndLimes,2
Nak_Tripper,2
megneto,2
Shadow_Of_,2
Dreamcast3,2
St-gengar,2
Staravia492,2
Time_Rider_,2
catsbatsallthat,2
ChrisSmith0101,2
pariskitchen,2
wine_plzz,2
Mememachine7895,2
Ranutany,2
hardy_and_free,2
GCnewb,2
alicefelle,2
MacisCheesy,2
MadAzza,2
ghostbart,2
milordi,2
TheDunceonMaster,2
rottingpikachu,2
ambisinister_sloth,2
mangoesaresuperior,2
apfrun,2
newlypolitical,2
HormelBrapocalypse,2
envirogang,2
PillowGatorade,2
Nazbowling11,2
ex-jewish-princess,2
algunchico90,2
frankzanzibar,2
HazyViolet,2
DifferentAirGC,2
Why12234,2
GenderIsAsshoe,2
FreedomFromIgnorance,2
nellie1296,2
limpinglamb,2
Yeetinator4000Savage,2
arnaq,2
gracchusBaby,2
Airplanes-Astrology,2
trashbeingdumb,2
Novemberinthechair,2
CanOfPasta,2
radcassandraXX,2
darkzoloto,2
hhhhwitedevil,2
coralcatacombs,2
fanstasyred,2
douglas_p,2
MiddlingMe,2
trevkon,2
thro_way,2
girlpdx,2
DanielleLogan,2
MarcoosT93,2
devgril,2
JFLcel3,2
Pinkmaxerx,2
TheDunwich-Horror,2
Tsipora,2
damixtoogreen,2
L412,2
throwawaythisplease-,2
loleelo,2
-cub-,2
radfemalewoman,2
throwpatatasmyway,2
512148,2
rovan1emi,2
WaffleDeliveryGuy,2
chillitime,2
SynthExe,2
extraacct1234,2
oakplanks,2
tablewithlegs,2
Jay794,2
DrainTheMuck,2
Jashinist,2
zolowo,2
PUBLIQclopAccountant,2
Its_A_StickUp,2
Grampley11,2
whayi,2
killthenerds,2
VonFingerbang,2
Lilith_Dark_Mercy,2
MaxineMantis9,2
Tealdragon204,2
silverpanther17,2
b_buster118,2
darkestgradient,2
TribalRevolt,2
Ayuyuyunia,2
nuthatches,2
KateFarmsShill,2
Distinct-Bandicoot,2
TylerTheWolf123,2
Stillinyobizzness,2
magpiecat,2
throwaway3797482,2
randall-politics,2
UnexplainedShadowban,2
CoffeeFaceMan,2
schrader8rau,2
WhatsThatSkaSong,2
Lin-Den,2
Taveing,2
mollylolander,2
WikiMB,2
Lupin927,2
drunk-deriver,2
ZanaPeitho,2
3lvy,2
Gertsky63,2
RedRenegade15,1
TheChinkiller,1
tempalt02,1
feelcrappeh,1
IrkenInvaderTak,1
TradFeminist,1
staypuft953,1
thottivity,1
rafael_fibroblastos,1
missyou2017,1
DementedMK,1
IndustrialDinge,1
zucca_,1
MDAlastor,1
Green_Daeye,1
000_Fei-Yen_000,1
NorthernSpectre,1
SeaofAltWhites,1
Dereksevilclone1138,1
Mikhpv,1
Egoignaxio,1
redstag141,1
bbgunbuster,1
KarstaaMauka,1
thomyorkesforke,1
Klayly,1
TheUnderstanding_1,1
auklet,1
Carlos061,1
squidgy_lemons,1
slippery_people,1
Merkava_Smasher,1
gendercritredditor,1
icecreamboats,1
megatron8005,1
craigie_williams,1
stoner-problem,1
ScarlettR24,1
BonaFideBruhMoment,1
TbrendanM,1
Slag_Conveyor,1
test1729,1
The_Drider,1
188345612,1
CreepyPsycho,1
rata2ille,1
BoolinBro,1
HEB_pickup_artist,1
rebdom1ne,1
Poolooloo,1
LETMEPICKONE,1
TomatoPoodle,1
LivingLargeInABarge,1
Zxylo5,1
adalinde,1
ProbablyJimmy,1
Depidio,1
kevinkat2,1
AntifaIncelCorp,1
abigail_notAbi,1
poopoochewer,1
Try_Less,1
CoffeeOnAnAutumnMorn,1
GuizarC,1
bearknightelf8,1
Araucaria2024,1
monkey20ninja2,1
Errorily,1
cosmeticguru,1
ShadowFlame740,1
Legatti,1
Rob_1089,1
sirmooseking,1
luciecrystal,1
YouVacuumInReverse,1
BellFirestone,1
MashitaNana,1
smarmy-lagerlout-git,1
MediumRareHunter,1
Ninaran,1
Watty13,1
Cuntfart9000,1
JCnGGd32,1
mighty_mango_man,1
wittgensteinpoke,1
Deathless-Bearer,1
UKtreatmentthrowaway,1
emilialillienne,1
Nickels4Tickles,1
FatBaldJapMan,1
TheatreAS,1
KeyboardWarrior616,1
maskdmann,1
outcastspidermonkey,1
omega1014,1
wrondo,1
Mount-Cleverest,1
Swarlolz,1
NorthernBelle_546,1
chihayajikan,1
mellis5,1
aldouscircle,1
Melony-Piper,1
Onlymgtow88,1
OnlyHere_ToLurk,1
Freshestboiintown,1
sarcasmo78,1
BelleVieLime,1
brinkworthspoon,1
insectatribe06,1
autoiafb,1
komaedan,1
Roundeye22,1
Akintoss,1
Aksin-_-,1
screamingay,1
shxllo,1
otterkin,1
lemonboppyseed,1
dastumer,1
jigglylinda,1
ANOTH3R6MILLIONPLS,1
helenvsgladys,1
zzzzzzzzxzzzzzzzzzz,1
RebelArsonist,1
glactc,1
Glamalez,1
BalladForYeul,1
BenedictThunderfuck,1
cmody112,1
gcradfemalt,1
Costanzas_Wallet,1
LionHeartSavior,1
VomitShootingCock,1
leapinglezzie,1
madamebovary01,1
Caranda23,1
huytaree,1
fckingmiracles,1
birchbeared,1
JumpDaddy92,1
ButWhatAboutTheEmus,1
Hobolyra,1
EdmontonAB83,1
Zusty01,1
wanderingbubble,1
Micaiahsthani,1
nodirt042,1
Blackfire12498,1
RevengeOfTheCis,1
sweetsourbitter,1
undergrownaverage,1
ShitTrader,1
doublebadminton,1
DarkSouls321,1
mineben256,1
Paradoxthefox,1
Cicerosolo,1
YourBestFren777,1
krylten,1
caryand,1
washuanwuanwuan,1
Jawajoey,1
Alaqabi,1
wolverq,1
mid30s,1
RagnarDanneskjold84,1
Umberbeats,1
Xacosa,1
TheLieOfEquality-,1
Arkansan13,1
gytimaru,1
Alarid,1
aeonking1,1
Kukuschka,1
Francois_Tremblay,1
kaleidoscopichazard,1
Tarrock,1
anon-online,1
smalltiddyblasiangf,1
loginthingie,1
powerboat9,1
babbyfem,1
PowerHungryFool,1
EnnuiOz,1
SerialPatrik,1
RaspberryJamSir,1
TyrannosaurusTERF,1
Gonzo5595,1
dumb_and_ugly1,1
throwaway20478,1
jjval_jpg,1
AntonChigurg,1
cartoongirlxo,1
Picardgrrl69,1
Guavapulp,1
lefterfield,1
ZoomerCrusader,1
DeadDeadKillKill,1
TarshishJupiter,1
Duhduhdoctorthunder,1
PrinxFrizzell,1
Celebrate_Diversity,1
hackysackofshit,1
Sionnach1776,1
Andragorin,1
dramatic_squirrel,1
KrustyDanmakuFellow,1
Failedthe1upRoll,1
iandmlne,1
thepplehatingjewcat,1
oneirica,1
bweep,1
OhNoBearIsDriving,1
Cardo94,1
chmclctthrt1,1
LSDoggo,1
Cye_sonofAwoo,1
simpleflavors1,1
allthepainting,1
pichushkins,1
Chemical_Elephant,1
SolarSystemOne,1
Forgetaboutmudslides,1
LowNHigh,1
Epika15,1
TechnogeistR,1
NosyLeoFrank,1
marxgf,1
love-starved-beast,1
YeetusTheFifth,1
ImmaSuckYoDick,1
madviIIian,1
Soviet_Samuelson,1
getrippeddiemirin,1
yuikit,1
throwthisTERFaway,1
sigmahat,1
oreopocky,1
DrunkOnShoePolish,1
372x4,1
ivyandroses,1
Soopyyy,1
too_much_choice,1
FillibusterBuster,1
Daenerys_Stormfag,1
my_daughters_keeper,1
georgiagoldchicken,1
PugTheThug,1
AraiCRC,1
womenopausal,1
pepperomelette,1
VIIIMan,1
fusrodyke,1
Ill_Regal,1
_Artemisia_,1
ringsofsaturnine,1
alky0002,1
ankh-means-wombman,1
metalhead3750,1
FN-2814,1
Super_Personality,1
Oskey30,1
niiiveous,1
binging-disaster,1
planting_progress,1
Cardoba,1
youngandaspire,1
thc64,1
pale99,1
FreebooterFox,1
eunderscore,1
kvistur,1
Nikolai_The_Undying,1
scottsamonster,1
devotion5,1
justtosubscribe,1
sensitivesmol,1
MrDrProfTheDude,1
sonofrevan,1
SlashSero,1
pinkbean-,1
TheDeadlyBeauty,1
-621311251521-,1
Kristo145,1
Tamerlane2020,1
u1tr4me0w,1
AssaNassa,1
MadLeahPeacecraft,1
LucretiaSabine,1
FedoraMancer,1
ThePlumThief,1
kenmayy,1
a2Vr,1
Drayenn,1
IKnowWhatImAbout,1
artificialgraymatter,1
Phainetaikenos,1
girlalien,1
Belenosis,1
StabbyUnicornActual,1
lhatehijabyouwearit,1
mostlyharmfulll,1
ActuaryAdvice12,1
mubi_merc,1
senPuff,1
snakeswithfur,1
therevaj,1
rileynred,1
leadedwand,1
tgrewy,1
TheodoreZArt,1
backshotz2,1
Japes-,1
PixelGalaxyUwU,1
bleck05,1
inthestars1992,1
HugeShock8,1
degustibus,1
exsnakecharmer,1
Adolf_Hitler_-,1
runs_with_fools,1
CommitSudokuPerverts,1
Ebers_NalyD,1
Surrealian,1
pandatuxedo,1
amaranthine-rain,1
Jasper_theGAY,1
bloolbolb,1
ek_kata,1
Nona_Biba,1
zhrowehwey,1
missile56,1
samanthahazard,1
Fr0stman,1
MaxIsWaccc,1
AshleyBackAlley,1
Blowyourdad69,1
violetepistemologist,1
CmdrNefarious,1
tbijou9,1
Zeldaxn64,1
Marchaprilmay23,1
skankyferret,1
jordonkry,1
Leon-S-Kennedy1998,1
life-time,1
Axehead88,1
twoXfeminist,1
st_quiteria,1
nurse-duckett,1
adultingaf,1
Lord_of_the_beans_,1
MediocrityGetsUPears,1
AdamRuinsTheShoah,1
crafeminist,1
kimchifreeze,1
HeatherHeyersCorpse,1
pixipod,1
PrincessIceheart,1
Beaverdam11,1
lunitabonita,1
razseh,1
BjorknBeans,1
Sallamog,1
AceToMouth,1
cinnamonsare,1
brokenotwoke,1
kelseyshock,1
AsuraBG,1
Ferris_here,1
KrisBGVT,1
chrispete23,1
soumynona01,1
humanist901,1
Das_Anto,1
OnAvance,1
Yavene,1
Aimsm,1
daffodil-13-,1
wtfamidoing06,1
SSBMSkagit,1
the_lone_wanderess,1
bondwoman44,1
Liberty_Prime117,1
daYellowKid,1
morerokk,1
Throwaway2934444,1
NurseNerd0,1
GodRollHungJury,1
27PavzN7hRY,1
NASA_Admin,1
failadin155,1
mcnewbie,1
Criminalia,1
lilith1993,1
everythingisahoax,1
derpyskates,1
dilate_redditor,1
VanillaIsDelicious,1
Tweeders55,1
twasprobsme,1
urstillatroll,1
DefinetlyNotAvaLol,1
terraajade,1
DeusExSpatula,1
ZedAxer,1
Searril,1
CAMILLAFAN69,1
ImportantLocksmith,1
TrueJacksonVP,1
andro-femme,1
Chapose,1
hornyforunicorns,1
AlienUtterings,1
PrayandThrowaway,1
nudedragons94,1
GrumpyJewishFeminist,1
byobombs,1
SoF_AOI,1
Bluestreetlightss,1
norris528e,1
tranny-alt,1
Lady-vor,1
pilikia5,1
catspls13,1
FourFootDangler,1
womxxn,1
Mahogany02,1
Ch3rryNukaC0la,1
Hipster_Ninja_,1
hamatehllama,1
watglaf,1
verysickpuppy,1
-StockOB-,1
austinmonster,1
NerdBrenden,1
gscheit,1
backofburke,1
MythicalChicken,1
JustCallMeCutch,1
CrystalSeer,1
normaraae,1
FafaRifaFansi,1
jazzciggies,1
AnatropusFormulae,1
desperadonyne92,1
BlorfagusDornkle,1
nuknaruk,1
hellisateenagegirl,1
ReignRain95,1
TopTierHogPoster,1
Glowey,1
gunzrcool,1
catoclock,1
VengefulMufasa,1
G0AT_H0RNS,1
The_Qween_is_Dead,1
WellEnoughAlone,1
greatandpowerfulOZ,1
berklaveiki,1
VelvetFemme,1
cuebas,1
Hyggehead00,1
DogStoleMyWoobie,1
rattyreaper,1
EthnicFemaleHater,1
SheriffRickGrimes,1
Sallysallysourcream,1
Dodecahadron,1
FancyForager,1
Andros25,1
differentkindofcat,1
PaleDealer,1
ss13isaids,1
HalliwellHammer,1
MemeAttestor,1
DON-KARMA,1
boomermistress,1
NevahTrust,1
peachforapeach,1
realizmbass,1
ironicmemes,1
MisandryFTW,1
RebekhaG,1
REKToric,1
JiltedGroupie,1
Darkmist90,1
lwoass,1
Noservant_89,1
jayjay2364666,1
mudkipslol,1
Stigge,1
chiwawa_archie,1
CRYINGLAUGHING,1
PiedCocktail,1
Schaef93,1
qpfjosj,1
weltboo,1
Lil-Jerry,1
jacksawyer75,1
TwoHeadedFetus,1
dwisp,1
BroReece,1
FinallyDidThis212,1
BlackCatSpectre,1
Ranchis446,1
kattish_,1
tinkyXIII,1
HughJaenis,1
ShitskinOnWelfare,1
DrinkingCoconut,1
geneeva71,1
cherry-sweet,1
lilium-juliet44,1
shiggieb00,1
hailcapital,1
BigendBlueAnt,1
jewelsvert,1
THROWAWAY-u_u,1
Dahmat,1
JoeSwansonOfficial,1
omgitsabean,1
plumgumdrop,1
Jennymckillme,1
DekuLovesHair,1
BekahN,1
bantasaurusbab,1
ruby_radmuppet,1
rainybirchtree,1
DitaVonCleese,1
kterris,1
michael_119,1
holyviver,1
icyartillery,1
hellotygerlily,1
Ironworksfred,1
MangledMongrel,1
NoobishTheKitten,1
AlieNNeytioN,1
Denny_Craine,1
orbitor0121,1
JessHorserage,1
LooseUnderstanding,1
shouldthrowawaysoon,1
AlrightRealNice,1
Kidneyjoe,1
Giga_Cake,1
Adrian-Healey,1
CBlazi,1
Vrishkin,1
UterusUnderground,1
randomsomeone78,1
jonoghue,1
MayroNumbaWun,1
ashleighlynn,1
HappyFriendlyBot,1
lalalavellan,1
CriticalTake,1
-inevitable,1
Mean-Garage,1
Ishahchai,1
thirdworldrapist,1
IAmOkayWithThatThing,1
themoderation,1
i_99cl,1
RaceCarRIGHTNOW,1
FrettyLounds,1
femroot,1
peaceful-hooligan,1
macsbeard,1
Wannabeagirl15,1
TGDeerGirl,1
trichick22,1
Juxee,1
grayfreighter,1
Disgruntled-Titan,1
Iowa_Hawkeye,1
wateroclock,1
FrenchieFrankenstein,1
One_Gastric_Sleeve,1
MynameJeffpacito,1
EmmaEcksteinsNoseJob,1
LuvBoht,1
GameShow321,1
crimson_noire_,1
NYCradfem,1
Pablitosomeguy2,1
Sophiexc,1
Alymi,1
Teddington123321,1
Kette031,1
graycomforter,1
hollyboombah,1
blackwidowla,1
ArabellaInterstella,1
isthataguninyourpant,1
fancyshrew,1
PaleScientist6,1
znon131,1
ElderBeard_The_Gnome,1
yaxxy,1
PancakesAreEvil,1
powerofdios,1
salivajoe,1
almondmilkluvr,1
LonerButterfly,1
Marty_Br,1
XIVfourteen,1
Sexual-T-Rex,1
vexatiouscabbagehead,1
imreprobate,1
JBrody,1
RogerStormzy,1
lemon31314,1
opinioncloset,1
Penguins_Care,1
dobbysteacozy,1
freneticdaisy,1
_SadWalrus_,1
Kurzero,1
Literally0Nobody,1
ikigaii,1
mncrn,1
Moonyooka,1
dexfagcasul,1
DRoKDev,1
AlarmedSign,1
DisgruntledWageSlave,1
Aslan_reed,1
TheCoPilot2,1
Latrysha,1
Summer_Otaku,1
tangledwhiskers,1
alborzki,1
HOLLYWOOD_EQ_PEDOS,1
ChaviChavChop,1
Vibrosphere,1
i9am9recovering,1
instabiili,1
PlotchyThePyro,1
radfemveg,1
GladRefrigerator7,1
Owezara,1
keygrip7,1
chehimij,1
boltzzzzzzz,1
notkeenonmen,1
ockabbe,1
jalapenopancakes,1
kidkoala_1,1
BasedExit,1
AbrasiveLace,1
88Phil,1
VigilanteAuntie,1
expensivetrick,1
herownsound,1
realShustyRackleford,1
cooolest,1
OffAndSphere,1
nutthefunkind,1
JaimeL_,1
socialsecuritycorp,1
buneter,1
fortnite_burger_,1
Thor-Loki-1,1
PotatoNommer,1
BenLewisWaddington,1
Jotarophilia,1
De4dm4nw4lkin,1
everlastingraton,1
tanyafromqatar,1
JulienMayfair,1
peapie25,1
Vladimir_Loser,1
BugInfo,1
nagadife,1
terfmermaid,1
Tulcey-Lee,1
KoopaKlaw,1
nucca35,1
nattyhattie,1
Kojiro_Gordo,1
ZotanZero,1
Tangleofsnakes,1
amwnbaw,1
miraakismydaddy,1
--mocha,1
BentAsFuck,1
snakeantlers,1
MissTeacher13,1
irmrkitty,1
UPCBRO1,1
redlilitu,1
atomiic_vomiit,1
PM_ME_CUTE_SMILES_,1
RicFlairIsGawd,1
muttonwow,1
OmnibusToken,1
Chelmos,1
datfishd00d,1
TrueHybrid,1
Mountains_beyond,1
RamBarusu,1
TheCleanestKing,1
PhantomLord088,1
HormelChillli,1
IHateMyselfEva,1
peachbreach,1
Katerwurst,1
ehtapa,1
scrambleduck,1
Ann_Fetamine,1
hvg1989,1
SheIsRadFem,1
BrideOfAutobahn,1
many_such_cases,1
BonerDonorKebab,1
yeetthatmaul,1
DaughterOfSappho,1
studentthrowaway9876,1
ralph_A123,1
DanaScullysRevenge,1
Brilliant-Past,1
RadFem4u,1
IHeartFluffyCorgis,1
Kill-V-Meme,1
LadyEllenRipley,1
pumpkindoo,1
Reru_Mayer,1
luciesssss,1
sirdragonthegreat,1
PacketOverload,1
dogsAreLikeUs,1
thoughts_prayers,1
Unfilter41,1
fishyexistence,1
jikklefik,1
AbzusPurpleAcacia,1
AbolishGender,1
soda_crackhead,1
Eowyn19,1
SPAGHETTlOS,1
wiggerman88,1
april9th,1
flyingpigs12,1
An_actual_kiwi,1
dogdogdogdo,1
skeletonrichard,1
Frigez,1
in2thegrey,1
darklordabc,1
BabushkaRampage,1
Zooar,1
Gopnik_Lennin,1
Milsurp_Seeker,1
Renzuu_45,1
sweetqueershark,1
CCIsBetter,1
Far-Air,1
Dankest_Vult,1
Low_Poly_Loli,1
archpope,1
halfhere,1
Wokeallyrainbow,1
Dilapidated_Jalopy,1
shbro1,1
Regularneck204,1
Hairy_Nipplez,1
gray2234,1
Neehigh,1
TheSecondComing97,1
doandroidsdreamofdik,1
TehSmolestBoi,1
Ladywithamerkin,1
kanatakatagiri,1
brassbeercan,1
froglelefrogle,1
Sockular,1
tinychilla999,1
chey_SK,1
jeffjeff2017,1
GameUpBoyHustleHardr,1
PhilsXwingAccount,1
711BigGulpCup,1
Apotheosis276,1
ShaprioTheGamer,1
eternitypasses,1
tr1207,1
gucico,1
PuchNoob,1
gruene-teufel,1
Ashcourtz,1
myaccountforIRLstuff,1
BeerBrewingBastard,1
nomore69420plz,1
BiggestOfBosses,1
I-HATE-YOU-69,1
WitchMeansWoman,1
relnes1337,1
Aoede,1
GINYU_FORCE,1
Newtolife99,1
bonemoss,1
4spooked,1
dodadoBoxcarWilly,1
weirdtrapthrowaway,1
IT_IS_YET_ANOTHER,1
DruidoftheClaw1901,1
eloisehawking,1
spanderoleotard,1
Crotalus_rex,1
NoFAlternate,1
N-Word-Lover-1942,1
Anonymous-AltAccount,1
TwixSnickersHeadsOff,1
nobodysbuddyboy,1
jubelo,1
dsuff,1
Aturaku,1
siphzed,1
RexGalilae,1
Bflfcbblol,1
Suicide_guru,1
CultistHeadpiece,1
TantrickPan,1
guilty_as_charged_,1
mythrowaway7XD,1
Arthur_OfTheSeagulls,1
LuckyWolf777,1
rapzelly,1
icyspicykun,1
sendimmediately,1
SherpaOfFilth,1
DallasTheReaper,1
Raven_McCoy_,1
CollieSocks,1
Mu131,1
Purple5091,1
almondbuttrr,1
MashaVoskr,1
lululemontree22,1
hdvk_,1
putdrugsinyourbutt69,1
nikitatx,1
Azrael1141,1
throwaway9847920197,1
Woman-ThatIAm,1
gosutomoon,1
chanbr,1
RoundTwoElectric,1
PM_ME_HAPPYSTUFF,1
GreatChicken231,1
exh_ust_d,1
VideoGameWhiner,1
GALAGEPARACE,1
stonertrial,1
mikaelcg,1
Kaiser-William-II,1
Gandalf-the-Greyjoy,1
manoftheocean,1
pessimismsux,1
tornadofighter,1
BlackManCums,1
ruhospu,1
1nvar,1
Throwawaythetruth12,1
Wortiix,1
Shiny_Palace,1
kmalevich,1
GenderWut,1
AcceptableCows,1
pinky1792,1
stonedghoul,1
Diarrhea_Van_Frank,1
bunnyday_,1
Feminazcabooby,1
throwawayforsafety19,1
ladymiku,1
Qing2092,1
urbanfirestrike,1
banned4wrongopinion,1
GlassCracked,1
retardredditpolitics,1
dreamybutter,1
NightCasterZ,1
1cutepup,1
ts7131989,1
Blondejobs,1
uwucentral,1
DevWolf59,1
kkbaby93,1
Hardwatergal,1
stupidfreakingidiot,1
SwynFlu,1
yummydirt,1
marrio91,1
extremefriction,1
papayatwentythree,1
bettercallgaahl,1
secretlyaradfem,1
dorkasporkas,1
merewautt,1
suckerformystery,1
NPC_in_disguise,1
marnssj2,1
Pukalo_Reincarnate,1
chewypinapples,1
Cristoforo-Colombo,1
brapmaster3000,1
LemonPartyWorldTour,1
reallyleatherjacket,1
womendonthavedicks14,1
tryingtoheal4991,1
KingPiperine,1
PlumRavenPie,1
BunbunMunchCarrot,1
TheREexpert44,1
SemiboloidSlots,1
TamaTime,1
hubuhbuhbuhbuhbuhbuh,1
sullyhandedIG,1
Frostysuede,1
LyGladiatrix,1
Pr0phet_N3xus,1
gcthrowaway2019,1
babylonsisters,1
AteTheCake808,1
Fetusbasket,1
biomagician,1
triplehardvark,1
imaginebeingamodrofl,1
HeresTheWrath,1
eiroj49,1
eviltwintomboy,1
gooddrugsarebad,1
Duckasarus,1
mtorres266,1
icequeenfrostine,1
TheOuterWill,1
Mana_mi,1
eos-amavi,1
uncutkingjr,1
spring-time,1
Mer-es-Inpu,1
lockzap,1
HorsesCantPlayHockey,1
hearyoume14,1
tinfoilcrusader,1
DanCurtisProduction,1
starsandbarsgirl,1
gampchaser,1
MrCreamHands,1
ranbowlatutiu,1
my_sons_wife,1
xd_OmegaKing,1
chihiroaokii,1
BackwoodsJunky,1
Boingo0220,1
Wyrt,1
FBI_CRIME_STATS,1
Count_de_Mits,1
chronic-chadmeister,1
math_hater45,1
NoTheOtherMary,1
LylythOfEverblight,1
Zodion,1
Musaic97,1
unpauseit,1
questor_debestor,1
Username8862910,1
FractalMantid,1
throwaway_escape,1
you-dont-pass,1
LoadsOfToads1,1
olican101,1
harley_jarvis,1
nBob20,1
Sheilun,1
ioutaik,1
PM_ME_UR_LUCID_DREAM,1
pastelcities90,1
lacerta_regina,1
NorseGodLoki0411,1
