,Comment Author,Comment Body
0,MRMRising,"...And the ""woman"" comment even got more up votes.Unbelievable."
1,arkindal,"Beside, I might be wrong because English isn't my first language but doesn't the word men works for a group composed by both, all males and a mix of males and females?"
2,BalllsackTBaghard,I think there was one woman or maybe not.
3,ARedditorCalledQuest,DAE think womn are grate? (I'll take my karma now...)
4,newmobsforall,"Only in one very particular sense, and that is if you are talking about all of humankind as in ""All men are created equal"". If it's any more specific than that, then it just applies to males. ""All men are created equal"" means everybody; ""All men in New Jersey are created equal"" means just the dudes."
5,,"It can, yes."
6,arkindal,"Oh ok, got it, thanks man."
7,arkindal,So even if the group actually had a woman there was no reason for that comment in the first place. There you go.
8,Trolly-McTroll,How is this hypocrisy??? She said *my* body my choice. This only applies to the poor helpless benevolent womenfolk. 
9,DJWhamo,"To be fair: My parents had me circumcised back during a time when it was widely believed there were health benefits to the practice. Now, since then I believe this has been proven to not be the case, but considering that mentality, you may as well be making an argument against childhood vaccinations."
10,Le-Squirtle,"There are a few medical benefits to male circumcision. Whether it weighs against the decision being made for someone who can say. Studies have also suggested that women by large prefer the look a circumcised penis, again I am not citing validity.

* So in a sense a mother may think they are making the right choice.
* Unfortunately this procedure is much easier/safer when younger.
* This decision is often split between BOTH parents not just the mother.

Just a few points I thought relevant. "
11,mycophycophyta,How have vaccinations been scientifically proven to not be necessary?
12,DJWhamo,"I'm not suggesting that was ever the case. I'm simply saying that, back in the day at least, the motivation behind getting a child circumcised was similar to the motivation behind getting them vaccinations. Therefore, to call someone out for simply being concerned for their child's health.."
13,mycophycophyta,"I'd agree. I was circumcised for the very reason. I misread your comment. I'm assuming that this meme was made depicting a person from recently (a time when circumcision is unnecessary, at least in the first world)."
14,ARedditorCalledQuest,That's always been my take on that particular meme. I've only really seen it applied to 21st century issues.
15,ExpendableOne,that plus the trying to get women into computer science fields that no women really want to get into in the first place because they don't like nerdy men or nerdy fields. 
16,marswithrings,the epitome
17,MRMRising,"Hit the nail on the head with this one, have an up-vote."
18,greycrash,"No, that's no feminism"
19,sephera,"to be fair, that kind of misandry has nothing to do with feminism"
20,Nomenimion,She seems like a cool chick.
21,Heterohabilis,THERE'S NOTHING FUNNY ABOUT THAT!!
22,Hellioness,Commenting so I can sub to /r/mrahumor when I'm at the computer. 
23,KMFCM,"whoa whoa whoa


 it's actually her? (I mean, i know that's her real name and everything . but you know. . .facebook. . .)"
24,BalllsackTBaghard,What do you mean?
25,,"It's a reference to another joke. 


Q: How many feminists does it take to change a light bulb? 

A: ""THAT'S NOT FUNNY!"" 
"
26,Heterohabilis,It's the standard feminist response to any joke in which a womon as the butt of said joke.
27,Nomenimion,"Five minutes to change the bulb, then 50 years to make the bulb ashamed that it was ever a bulb."
28,mensrightsthrowaway1,"Was she being dismissive? It looks like she might have been being genuine. Usually people who bother to be political on Facebook confuses me, but I thing you gave a really, really good reply to that question. You came across as reasonable and educated on the topic while still getting across the point that your penis isn't oppressing anyone. The men's rights movement really benefits from people like you.

P.S. the reason feminists usually adopt poor old Cecilia as a symbol of ""male oppression"" is that she was told by a couple of scientists that her conclusions were wrong. But that probably was more because she was challanging a widely held belief, rather than because of her vagina. She was a brilliant scientist, probably at the same level as some of the ones in your post. Emmy Noether trumps everyone, I wish more people knew about her."
29,OmegaVesko,">2 n00bz gusta th!5

Oh fucking hell."
30,bropane,My junior year high school history teacher didn't know who Nikola Tesla was.
31,regeya,"Super annoying.  Yes, there are examples of women whose contributions were ignored because they were women.  This is not one of them.

I mean, did Dennis Richie and John McCarthy suffer from a lack of penis?   Dennis died three days after Steve Jobs, and McCarthy a couple of weeks later.  They arguably contributed *waaaaaaaaaaay* more to the way computers work than Steve Jobs.  And yet..."
32,Johnthereader,"You could have also brought up Alfred Wegener.  Revolutionized geology, but most people have never heard of him.  "
33,,"I couldn't believe my eyes. Instead of bashing you and calling you a patriarchal misogynistic pig, She... Thanked you."
34,,"Seriously.

This + you writing walls of texts on Facebook made me cringe. "
35,quasimotor,Why? Didn't he have a penis?
36,GiskardReventlov,I actually used the exact same example when I did my Facebook debunking of this thing. 
37,Joelsef2898,"Also, not many people know who the first person (people?) to split an atom was, and I think that's a pretty big deal."
38,CrazyWiredKeyboard,Hey vintermann stop being a dumbass
39,123vasectomy,"Two paragraphs is a wall of text? And yeah, l33t on Facebook is ridiculous. Thats sort of the point."
40,Johnthereader,"Yes, and people still haven't heard of him.   So it did him a lot of good in that regard.  "
41,quasimotor,"He was a badass, too.  Died on an expedition to the antarctic. His ideas were so far out he was thought mad. It wasn't for nearly 3/4 of a century that people finally came around."
42,Stephen1985,Awesome 
43,,Repost king
44,kehlder,Rekt
45,blinderzoff,"""inorite? Violence is their solution to everything. We should just kill them all!"""
46,Muffinizer1,"I got a feminist email like this once, it's amazing how people don't see through this before they say it."
47,logrusmage,"Tell me you burst out laughing really, really loud?"
48,Mrlord99,"Yep.. It happens. Men can generalize women, but women can never do that because they're PERFECT, amiright??"
49,IDOWNVOTECATSONSIGHT,http://www.youtube.com/watch?v=A8MO7fkZc5o
50,Capitalsman,I feel like a dork knowing the battle where chivalry died and that muskets killed chivalry forever.
51,,"I laughed so hard, so funny. :P"
52,EvilPundit,I thought it was longbows ... but I guess that one only damaged chivalry non-fatally.
53,Capitalsman,"It was the longbowmen in the battle ganging up on knights in hand to hand combat going against the ""a knight for a knight"" part of the code. Muskets removed the need to be trained in melee fighting like knights so they just weilded muskets and 9 foot pikes basically, so no knights on the field of battle washes away the code of chivalry."
54,ArchangelleGestapo,/r/INeedFeminismBecause
55,Dexter77,"Thanks, wasn't aware of such a subreddit"
56,DinosBiggestFan,"And here they continue to show the fallacy in what they claim to be true: That they're about equality.

My ass."
57,electronicoffee,Proof that feminists don't care about equal gender rights. 
58,MRMRising,"Not surprised, got banned myself for asking a basic question a year ago."
59,Vladamir141,This is some evidence that some /r/feminism mod doesn't like the MRM; nothing more.
60,AryoBarzan,"Because, apparantly, greedy CEO's hate women more than they love profits. This is literally what feminists believe."
61,ARedditorCalledQuest,Yup. This is exactly the kind of content we're looking to get in here. 
62,Deansdale,"Well, assuming the business world is rational about/towards its own profit, and assuming this 77% stat is anywhere near accurate (this being a very brave assumption I admit) then it follows that women on average do 77% of the work men on average do. It is only rational to think so, because if women would do the same work for less money, companies would hire more women to take advantage of this fact. If women would do even less work, they would get even less in wages.

But of course this whole idea is utter nonsense because feminists arrived at this 77% ""stat"" comparing the sum of all wages earned by all men and all women nationwide. Which is meaningless, considering it compares the wages of CEOs to that of cleaning ladies, loggers in alaska to teacher's aides in San Diego, etc. Considering that men suffer 20 times more workplace accidents and deaths, work more overtime, accept longer commutes, etc. etc. it is a small wonder that they **only** get about 25% more in wages."
63,trollwnb,"Because then Business would only make .77 on every dollar, duh.. "
64,MoralRelativist,And stockholders? All of them hate women so much they ignore a potential 23% cut in labor expenses.
65,eats_puppies,wat
66,trollwnb,"i was joking.
what i actually mean, women do less work hours on average than men. So less working hours = less profit compared to other business.
We already see special condition for women business and in my country politicians want to add some kind of quota system to business so higher % is run by women and obviously favors women. They also want to add this to politics so % of women are high position, even though president is women already. 
Patriarchy at work huh?"
67,ARedditorCalledQuest,"The same could be said for many of them women I've met over the years, what's her point?"
68,Heterohabilis,"So... hairiness=vileness?

I always new Bambi's mother was an evil bitch who deserved to be shot!"
69,TheYoungie42,"And if women were not allowed to wear make-up for just a couple of days, we would see them for the swamp-people *they* are.

What's her point? Aesthetics aren't a good indicator of nature."
70,kittenkat4u,and this woman is part of thereason why people hate feminists. WTf lady.
71,,"This demonstrates how some women have elevated themselves above humanity. Or, at the very least, redefined humanity so that a human can only have a vagina. "
72,paracog,"This goes beyond misandry.  It sounds to me like androphobia, and a panicked denial of aspects of herself.  "
73,SPARTAN_TOASTER,same applies to women like these
74,Edgy_Memer, #feminism
75,paracog,"In the navy I worked as a hospital corpsman for a while in the women's ward, and let me tell you, thank god for feminine hygiene...! "
76,AryoBarzan,Feminism cares about men! We don't hate men! #Feminism
77,SPARTAN_TOASTER,same applies to women like these
78,,"I don't think she understood ""the beauty and the beast""."
79,,"She probably has upper-lip hair herself. Not a good look, not a good look at all"
80,Stephen_Morgan,"Women do a lot more shaving than men do.

Speaking as a hairy man who doesn't shave anything."
81,5th_Law_of_Robotics,"Women have the same number of hair follicles per square inch of skin as men on average.

So I'm not sure what her point is.

She also seems to be wearing makeup.  Is this to make her look like less of an animal and more what she considers human?"
82,,[deleted]
83,BalllsackTBaghard,"haha if those femcunts won't shave for a month, you wouldn't wanna go outside in the summer. I puked a little just thinking about it."
84,flare561,"You know I don't think I've shaved in quite a while. Not quite 5 years, but at least like 8 months. People don't seem to mind really."
85,sn00p3r,"Why 5 years, few weeks are more than enough. "
86,,Is it customary to repeat a statement on a topic on Twitter over and over? Her past 30 tweets are all about Margaret Thatcher and they all say the same thing.
87,Ktime5,"clearly she hasn't heard of sikhism - they refused to shave their beards and hair in allegiance to their gurus.
http://www.telegraph.co.uk/news/newstopics/howaboutthat/8878537/Worlds-last-Sikh-warrior-who-lives-in-Wolverhampton.html"
88,OuiCrudites,You know those dogs that look like shag carpets? Fuck those assholes.
89,ApproachingZero,Its about the imagery. During both WWI and WWII propaganda showed the Germans as being wild furry apes. It dehumanizes them and makes them look evil and vicious.
90,,"When I read this kind of shit, I can only imagine this is someone that is prudish but sexually fantasizing over hair and tries to make it seem like they're not by tweeting about it - and has also been bedridden for the past decade and so hasn't left the house to actually see what men look like and has built up the idea in their head (using their Bible as the guide) to determine that we're horrible creatures."
91,Expolaris,It would seem that /r/beards is the most vile place on the interne..HA i can't even finish that sentence knowing 4chan exists.
92,Chervenko,"Well, there goes every Viking ever known- Oh wait! They keep themselves tidy!"
93,OuiCrudites,"Yeah I read through her recent timeline and she is a boilerplate ignorant ""social justice"" tantrum-throwing feminist."
94,OuiCrudites,This feminist says it does. 
95,mdoddr,"So I expect we'll see her being viciously attacked by feminist on her twitter feed. Since feminists will, no doubt, be super pissed by this person trying to co-opt the feminist label. "
96,,I bet a few weeks would be enough for their pubic forests to resonate with the sound of chirping beetles.
97,Heterohabilis,Now we have to find out how many 4channers have beards......
98,,Most 4channers are spoiled little brats with no respect for elders and little understanding of how the world works beyond their mediocre middle-school education. Most probably don't even have facial hair. Prepubescent little shits.
99,Expolaris,I imagine that's a scarily close Venn diagram.
100,tacosaladchupacabra,"I'm going to get shit on for this, but Im sick of these kind of posts. Is the mrm about protecting/advocating human rights for men or is it about laughing at feminism? I get that there are plenty of feminists out there that are just misandrists, but if you judge any movement by it's lunatic fringe they all look bad. The more mras and feminists fight, the less anything gets accomplished. If all we do is shit on feminism as a whole based on, in this case what sounds like domestic abuse, we push reasonable feminists further into the extremist camp which is counterproductive. Your garden variety feminist/mra just believes they have issues affecting their gender that need to be addressed, which is true in either case. We can reach out or we can bicker, and the latter will surely accomplish nothing.

Sorry for the rant but this has been pissing me off."
101,hunthell,"This is why American Feminism needs to stop in its tracks.  A man apologizes for recognizing the beauty of a woman in a bikini?  I'd be all over that woman (in a non-molesty way, of course)"
102,KMFCM,"yup, more and more start to feel that way

 and then, you get the world they want (and frankly the world I wouldn't really mine) where the genders are segregated."
103,,">(in a non-molesty way, of course)

why did you feel the need to add that? You're preemptively defending yourself against criticism. Don't do it, man. The subtext isn't there unless you add it, and that *non-molesty* clause isn't necessary.

You're just like the dude in OP's pic. You're an apology machine and you don't need to be."
104,Francois_Rapiste,Earlier today I was accused of sexism for asking where I might find a good seafood restaurant. I mean... fucking really? I'm beginning to regret moving to Portland. This place is a hell hole.
105,Wordshark,"Dude, nice juxtaposition.  Love it."
106,Jamould,Brilliant!
107,IncipioMutatio,tis a really nice day to remove all posts via power delete
108,Mini-OP,And they still complain that they have everything bad.
109,Cbram16,"I agree with many of the sentiments in this gallery, but wow there is a lot of ""straw-men"" arguments in there, the same thing many people accuse tumblr-feminists of using."
110,Rockonfreakybro,A few valid arguments but can't help but feel like some of these are a little bitchy. Who cares when you see as the majority of women act like. Find a girl who suits your views and preferences and go after her. Why would you want to be with someone who can have such shallows views as these?
111,Watertor,"That's because both genders have it fine.* People have it so well,* they have to invent things to complain about. What sort of thing affects people easily? Inequalities they can't control that may or may not exist

\* - In places where the majority live well off enough."
112,Number357,"This quote really only applies to M-on-F rape though. Ironically, f/m rape actually is treated how feminists claim m/f rape is treated. It's completely legal in many countries, it's not even considered rape for statistics in the US, and even when it is acknowledged it's not seen as that big of a deal. So I guess we do have a rape culture... it's just the opposite of what feminists claim it is."
113,,[deleted]
114,,prison rapists are on the same level with corrupt cops. prime for pruning.
115,Coagulate,"...we do, though. Absolutely, we do, and anyone why actually believes what the post says are just as insane as the people saying our leaders are secretly reptiles. Here. Read and be informed. 

http://thefeministwire.com/2013/06/we-live-in-a-rape-culture/"
116,,"Yep.  I imagine you'd get laughed out of the police station if you went there to report a rape after having a few too many and waking up next to a strange girl.  Just chew your arm off and get out of there, son."
117,EvilPundit,"I believe it's just a random clip-art image, plus a text written by the redditor who made it. Seems to have originated in r/srssucks."
118,Terry_Bruce_Dick,"It's interesting that you completely avoided the argument at hand, did not put forward anything that refuted the original post, and then linked to an article that provides no argument against the point at hand. So basically, you said ""nuh-uh!""
"
119,Karma9999,"Definitely a troll. There are hundreds of examples of each point made in that post, refusing to acknowledge it is demonstrating a blinkered view to an extreme level, or, a troll."
120,EvilPundit,"Go away, troll."
121,ARedditorCalledQuest,"> as insane as the people saying our leaders are secretly reptiles.

Well said. Dissenting opinions are best presented with hyperbole and vitriol. But seriously, can you prove that our leaders *aren't* secretly reptiles? I've actually met a member of the reptilian elite (her words, not mine, I think they're kind of racist) and she was pretty evasive when I asked her about her people's involvement in national and global politics. She did mention something about trying to foster global warming because the temperatures would better suit a cold blooded lifestyle if they could heat the planet up. Us endothermic types would probably be screwed though. Oh! Hey! Maybe if they pull it off, there's a way to convert our bodies over to an exothermic system so we could enjoy the weather too! I don't know if the tech is there yet though. Maybe we'll just have to stay inside and pay extortionate rates for air conditioning while those- goddamnit that's the real scheme, isn't it? They're coming for our planet! They're going to raise the rates for electricity after they make it so hot that only they can stand it outside and suck us dry! #killalllizards
"
122,,Hey read a bit of that femscreed. WTF is a marginalized subject? The problem with your ilk is the sizzle to steak ratio. Highly embellished and realistically discard-able.
123,Coagulate,"It's interesting that you did not contribute, LITERALLY, a single thing to this discussion."
124,Coagulate,"I am no troll. I am trying to help you, since you obviously don't get it."
125,Coagulate,What are you talking about?
126,Terry_Bruce_Dick,"I understand that you may not be smart enough to figure this out, but my lack of putting forward an argument was intentional. By pointing out your attempt at redirection without putting forward an argument, you have two choices. You can either address the original argument, or make it more apparent that you have no interest in the original argument."
127,ARedditorCalledQuest,"The reptilian cooptation of our economy! These ""people"" literally want to see the world burn just so they can charge us more to stay cool. #FreeAC2014 #YesAllHumans have the right to live! Oh crap, you know what I just thought of? They want us to burn so we'll sweat out all our energy. That will make us easier to hunt. They want us to live in a MURDER CULTURE! We need to stand together and fight the coming menace- no time between the sheets while there's a predator in our streets, man! KILL ALL LIZARDS!"
128,Coagulate,"Or... You could actually try and get a point across, instead of trying to belittle me because I am a woman, and claim that you are making some *grand* point that only you get. I sense a fedora'd quote maker."
129,Terry_Bruce_Dick,Tagged: all out of bubblegum. 
130,Terry_Bruce_Dick,"I think my point has gotten across. I did not know that you were a woman until you said so just now. Technically, I still do not know it."
131,Kahlua79,"If you don't get the point, maybe you don't belong here."
132,Coagulate,"I don't think you *have* a point. But I am not one for arguing, so I'll take the high road and leave. You are obviously not interested in speaking normally, just in grandiose cryptic statements. But I suggest you do some research. Feminism is the best thing for you, but you all are so busy creating echo chambers and circle jerks that you refuse to see it."
133,Terry_Bruce_Dick,"I can tell that you're not one for arguing, as you have yet to make an argument."
134,,[deleted]
135,,"Pick your source, women have been over represented in higher-education for 25+ years. Nobody cares. Why? It doesn't benefit women, it doesn't address a concern of women, it can't be used to further empower feminism.

Enrollment first reaches parity in 1988 with 30.2% of all men and 30.4% of all women 18-24 years old pursuing higher education. It had varied within 4 points of parity since 1975[29%(M) and 23.7%(F)]. Between 1988 and 2012 the difference has only grown in favor of women. In 2012 it was 37.6%(M) and 44.5%(F). This disparity has been over 5 points in difference every year since 2000. 

We've had 15 years of a gender disparity that in 1976, when it disadvantaged women, was a major rallying point for feminism, gender rights and equality. Some how it doesn't spark the same reaction today when it disadvantages men.
http://nces.ed.gov/programs/digest/d13/tables/dt13_302.60.asp

Enrollment for everyone from 1980-2009. Students by gender ranges from 42% in 1980 to 45% in 2008 for men and 57% to 55% for women.
http://www.census.gov/compendia/statab/2012/tables/12s0278.pdf

This one starts with a slight female majority(52%) in 1980 and goes up to 56% in 2009.
http://www.census.gov/compendia/statab/2012/tables/12s0281.pdf

This is just enrollment, not who finishes with a degree or who goes on to get a higher degree which are:

Associate Degree:2000-60.3%(F)/39.7%(M), 2010-62.0%(F)/38%(M)

Bachelors Degree:2000-57.5%(F)/42.5%(M), 2010-57.4%(F)/42.6%(M)

Masters Degree:2000-60.0%(F)/40%(M), 2010-62.6%(F)/37.4%(M)

Doctorate: 2000-47.0%(F)/53%(M), 2010-53.3%(F)/46.6%(M)

http://nces.ed.gov/fastfacts/display.asp?id=72

Nor does this reveal academic performance in primary and secondary schools which shows a clear bias toward girls who consistently outperform boys in all subjects save math and physics and have done so since the 1970's. While the math and physics results are only slightly higher for boys, reading skills are especially marked with an enormous bias in favor of girls.

Since there is little effort to address these issues, they clearly mean less to feminism and other groups than whatever they're currently putting their effort into. Like rape culture, not enough female CEOs, a fake Pay gap, and not enough women in STEM. All of those are more important issues than boys attending and performing in school at rates like those of women in the fucking 70s when education reform was a main focus of those same organizations that now ignore it.

What they say doesn't matter, where they put their time and effort shows you what they value most and it's getting more shit for women."
136,FartsMalone,Truth.
137,KJH77,"Any time a study shows girls being outperformed by boys, it is reported in the sense of the ""problem"" and what needs to be done to fix it.

Whenever anything is reported with girls outperforming boys, it is a celebration of their good result. How clever those girls are. Silly boys."
138,gprime312,Pretty sure 50% is wrong. Should be 33%.
139,Stephen1985,Yes we should definitely provide some form of scholarship scheme for males as well.
140,GroaningGrogan,40 campaneros X 1.50 = 60 campaneras!
141,gprime312,"Yeah, it's late. Thank you."
142,ARedditorCalledQuest,That was great for a first thing in the morning laugh. Thanks for that.
143,MRMRising,"I'm surprised it does not have machine guns that shot men on sight, because they're obviously rapists./s  "
144,Pecanpig,"Nah, Feminists rarely take direct action. More likely it would get white knights to do it."
145,FAPSLOCK,it should have a sociology degree.  or liberal arts.  something easy.
146,ARedditorCalledQuest,"What's frustrating is that there are actually people who think like this. I've seen plenty of wives and in-laws that talk to the husband in the relationship like he's an infant when handling large dinners or making family plans. I've actually heard comments like ""Now go out in the yard and play while we make dinner. Good boy."" I've also heard ""Was she talking to you or the dog?"" on one occasion. There's something wrong when it's not obvious if it's a person or a pet being spoken to."
147,Bodertz,Is this the sort of post you want? Or should this go to /r/mrmemes? Or nowhere?
148,HDATZ,Have you said anything to her about it?
149,french_toste,...I think you need to defriend your wife. 
150,Mrlord99,"It could just be a joke, but then again it could be her thinking. If she starts treating you differently all of a sudden, it's time to sit her down & talk"
151,,"*twitch* I see this all the time, and unfortunately it's starting to make me more angry... at this point I am considering leaving Facebook"
152,MRMRising,Looks like one more reason to go MGTOW.
153,PixelDirigible,"if I'd married a MRA, that'd be my opinion of marriage too"
154,epithymbria,"I'm sort of surprised that you're reacting to this kind of ""humorous"" remark when fb and the web in general is filled with misogyny of the same fabric. Something to think wbout when you guys are seething about it, and us women are used to dismissing it without taking real offense. ."
155,ARedditorCalledQuest,This stuff is great here. Thanks!
156,Bodertz,"I'm not the actual OP. 

The wife didn't post it; a friend of hers posted it."
157,Bodertz,She didn't actually post it. I guess one of her friend did so it showed up on her feed.
158,,"""Truer things are never said than those said in jest."" -- SomebodyFamousSaidThat"
159,,too bad you're probably a transsexual.
160,regeya,"Ah.  Two wrongs make a right, then."
161,PixelDirigible,So?
162,,women logic
163,roadhand,"Under current law, **all male** U.S. citizens are required to register with Selective Service within 30 days of their 18th birthday.



Men who fail to register could face up to five years in jail, a fine up to $250,000, denial of participation in various federal programs and benefits, including student loans (such as FAFSA), job training and federal employment. **You must register to vote.**

Selective Service law as it is written now refers specifically to ""male persons"" in stating who must register and who would be drafted. For women to be required to register with the Selective Service, Congress would have to amend the law, which currently **exempts women** from registration.

While I agree with /u/TiberiusDanger about war being something the elite does to the poor, who exactly are elite and poor here?"
164,memedad-transcriber,"Here is what the linked meme says in case it is blocked at your school/work or is unavailable for any reason:

#***Unpopular Opinion Puffin***  

>***Post Title:***  *Unpopular Opinion Puffin: The greatest gender inequality in America* 

>***Top:***  *the greatest gender inequality in the united states* 

>***Bottom:***  *is that natural-born women get their citizenship for free, while natural-born men are obligated to pay for it with a promise to fight, kill, and die the moment congress decides it's necessary.* 



[Image Link^1](http://memedad.com/meme/54111)"
165,,"You guys really need to read up on this. Conscription never had anything to do with voting rights (except to argue that people who fought deserved the vote, not the other way around). 

Feminists have been fighting SS since the last time it was instated in 1981. And now that women have full access to combat positions, every legal article I've read on the topic says that a single-sex draft will be unconstitutional very soon. There's a lot going on."
166,Aerik,"how many times does it have to be shown that this is simply not true?

there is no draft

contrary to your bad history smegma, there is no requirement to sign up for the draft in order to vote. ^[[1]](http://www.law.cornell.edu/constitution)

you're so damn full of it.^[[2]](http://www.reddit.com/r/badhistory/comments/1zihis/on_the_slogan_one_man_one_gun_one_vote_and_the_us/)

You've actually had this explained to your hero GWW and all she did was plug her ears and say nanana ^[[3]](https://www.youtube.com/watch?v=a5FpqegMiM8)"
167,totes_meta_bot,"This thread has been linked to from elsewhere on reddit.


 - [/r/againstmensrights] [Old popular opinion puffin in MensRants says women get their citizenship for free while men have to promise to die in war at Congress&#x27; whim.](http://np.reddit.com/r/againstmensrights/comments/200zp5/old_popular_opinion_puffin_in_mensrants_says/)


*^I ^am ^a ^bot. ^Comments? ^Complaints? [^Send ^them ^to ^my ^inbox!](http://www.reddit.com/message/compose/?to=totes_meta_bot)*

"
168,,"Let me start off by saying I served in the Navy.  Now, its not one of the shootem up branches but seriously, this point is such shit.  Let me explain, getting people to die for a cause is something the elite does to the poor.  The educated are the generals while the poor are the foot soldiers.


I am sure if they could have got women to go into battle over land or some other crap they would have done so but tradition outweighed the appetite of women on the battlefield."
169,Bartab,"Citizenship? No.

Voting rights? Historically you were a felon and thus lost voting rights as all felons do.  They don't currently prosecute, but you do lose access to federal loans and grants, as well as the ability to eventually work for the gov't.
"
170,Bartab,"> For women to be required to register with the Selective Service, Congress would have to amend the law, which currently exempts women from registration.


Yes and no.  The current law has been tested in court and found to pass constitutional muster *only because* women were not allowed in combat positions.  They de facto are allowed now, and by 2016 it will be official.  Such a change is significant enough for another court case."
171,,"After a quick glance at wikipedia, the selective service act was created in 1917.   Thats almost 100 years ago.  Women didn't have a constitutional right to vote and WW1 was still raging on.  So why were women not included?  Because the men didn't want them to go.  Hell, I wouldn't want my wife to go, or my son to go to war.


I think the only thing that would make selective service conscionable is if it took a popular vote for the draft.  The draft was perverted when it came to the vietnam war because that fight was purely political.   There was no clear and present danger to the United States.

>While I agree with /u/TiberiusDanger[1]  about war being something the elite does to the poor, who exactly are elite and poor here?

The elite, in this case, are the politicians and those who influence them.  The poor are those who lack influence.  With the draft, there were ways to get around it.  

1.  You have to be enrolled in college.
2.  Get a medical exemption
3.  Have a connection to get into the air national guard.

"
172,Zoltrahn,"Its an issue blown wildly out of proportion, but it is a minor task to get out of draft eligibility. If women are to be allowed in the military, they should go through the same procedures any other male citizen goes through in regards to the draft."
173,,[deleted]
174,roadhand,"> Because the men didn't want them to go. Hell, I wouldn't want my wife to go, or my son to go to war.

Nor would I. Thank you for walking the line.

But, this is rants so: 4. Be born female.

Men certainly had a hand in crafting this ultimate degree of benevolent sexism and the elite do pull the strings. This has more to do with society and cultural practices than feminism.

But when 51% of the population, enough for a simple majority, can vote without promising *anything* for the ""right"", and the 49% must promise *everything*, it hardly seems just."
175,,"Well, do you think women are responsible for men getting drafted?  They are no more responsible than men are.  Just like you and I are not responsible for slavery. It has to do with distribution of power and societies winners and losers shaping policies.   SJWs think white men are the problem but they are wrong just like its not women sending men off to war."
176,Amunium,Could you point to the place in the OP that says this is the fault of women and not just an inequality?
177,Mrmojoman0,"moral is to target the problems within the institution. i don't hate ""feminists"". i hate feminism. some feminists can be fine people, however feminism as an institution has become thoroughly saturated in anti-male scaremongering and bigotry. [no other institution has become so great at propagating lies and hiding facts to suit their own agenda] (http://www.cultural-misandry.com/feminism-the-hate-group-2/) at the [expense of the well being] (http://www.avoiceformen.com/feminism/feminist-censorship/feministing-erases-female-sexual-predators/) of [others.] (http://i.imgur.com/i3Lnb.png) (save maybe north korea). equality is not and never has been the goal of feminism as an institution. even looking back to the [roots of feminism] (http://en.wikipedia.org/wiki/White_feather) you find them relishing in male disposability.


**having some reasonable feminists does not do anything but shield the thoroughly negative actions of feminism as a whole.**"
178,imgurtranscriber,"Here is what the linked meme says in case it is blocked at your school/work or is unavailable for any reason:

#***College Liberal***  

>***Post Title:***  *The hypocrisy is strong in this one* 

>***Top:***  *NOT ALL FEMINISTS ARE LIKE THAT!!!* 

>***Bottom:***  *ALL MRAS ARE MISOGYNISTIC SHITLORDS!!!* 



[Original Link^1](http://imgur.com/Y1EKOWs) | [Meme Template^2](http://imgur.com/memegen/create/Y1EKOWs)"
179,mdoddr,"You're a feminist if you believe in equality. You don't have to adhere to some opinion checklist.

...

You don't agree with every single designated feminist viewpoint? Banned from /r/Feminism  

...

Everyone's a feminist, some people are just more feministy than others"
180,ARedditorCalledQuest,Not sure why the spam filter caught this one. Sorry for the delay.
181,,"This is why the term ""feminist"" is stupid. The name itself implies that it is a gynocentric movement.

Egalitarianism FTW."
182,LinkerGuy,/r/feminism
183,,[deleted]
184,,"> You're a feminist if you believe in equality. 

This is the type of statement I am against; because, as you pointed out:

>I hate feminism not because it's seemingly designed to address women's issues, but because it specifically attempts (and often succeeds) at attacking, putting down, and hindering the progress of MRAs, men, and pretty much anyone who doesn't agree with them.

Why keep using a label that is so negative?"
185,Mrmojoman0,"> hinder the progress of equality, or suppress the recognition of the rights and needs of others.*


saying ""progress of another group "" is too general. I.E. attacking or hindering the progress of neo-nazis/the KKK.

"
186,KMFCM,"Egalitarianism is a good idea in theory, but we're human beings, and human beings will eventually choose sides. We all lean towards the cause that directly helps OURSELVES.

 To gain any type of unity between the sides would require complete forgiveness from both sides.

 That's not going to happen anytime soon."
187,arkindal,"I was sitting in the bus one day, in front of me was sitting an old woman.

I suffer of very bad asthma and that particular day I was hardly breathing because of allergy.

A pregnant woman got on the bus and a couple of persons got up to let her sit, including the old lady in front of me. I didn't because I was feeling like shit. The old lady insisted for the pregnant woman to sit on her spot and, when she finally did, the old lady said ""This young man is going to stand up and let me sit now anyway.""

Which I obviously didn't ""No he's not, this young man has troubles breathing and isn't feeling well now so he's gonna stay here until his stop.""

Some people have no shame."
188,TheRealMouseRat,"as you can see feminism is working. we now have people who expect men and women to be equal, with no gender having privilege over an other. (this woman don't understand that though, but those men do) "
189,daitenshe,"Equality! 

Unless it would convenience me!"
190,coldacid,"Sorry, ladies! You can't have it both ways."
191,MRMRising,"What a misogynistic thing to say, obviously woman are just as capable of standing on Public Transport as a man. I would not offer my seat either.
"
192,7hunderpants,"She feels female privilege or entitlement , men ought to serve her she feels."
193,,What makes you so great you bosh'tet?
194,,"If women are equal to men, then they can stand like everybody else. It is one, or the other WOMEN (emphasis on how I did not say ""ladies""-a real lady would not make a man who was there first get up)."
195,Slurmz_MacKenzie,"I'm disabled. I can only stand for short periods at a time. If I saw someone who looked pained, male or female, I'd gladly give the up my seat if they were significantly older than a late 20s individual. 


Sex doesn't have much to do with my decision. "
196,kizzan,In your case you were justified for not getting up but I think getting up for pregnant women and old people is still cool. I don't think a woman deserves my seat because vagina though. 
197,KMFCM,"aww jeez, female AND old, so she expects double priveledge"
198,kizzan,In your case you were justified for not getting up but I think getting up for pregnant women and old people is still cool. I don't think a woman deserves my seat because vagina though. 
199,,[deleted]
200,Stephen1985,Yes aren't you only expected to give up seats for people to weak or unable to stand. Guess that shows what people like this think if they believe women to be in that group.
201,,I love finding a  mass effect reference on Reddit. Amazing!
202,,"Well to be fair there's nothing wrong with giving up seats for elderly people, they generally will have a harder time standing up and whatever, but yeah since the guy has bad asthma then its different."
203,arkindal,Yeah probably.
204,arkindal,"But do you think it was right of her to say ""This guy is just gonna stand up because yes""? 

It's ok to stand up because you want to, but if someone push you into it she/he is an asshole."
205,daitenshe,"I agree. Anytime it's a special circumstance (elderly, pregnant, handicapped) I'll usually give up the seat right away. Otherwise, why do *you* deserve it any more than I do?"
206,kizzan,Yes I agree the person receiving the benefit should not be expecting you to do that. 
207,7hunderpants,"She feel female privilege or entitlement , men ought to serve her she feels."
208,RJNDesigner,"Because who cares about teh menz!

/s"
209,newmobsforall,"Well, it's more Violence Against Women in video games in a nutshell. Feminist complaints and criticisms about video games are a lot broader."
210,Nomenimion,Violence against computer generated images isn't terribly important.
211,Shiroke,I'm almost 100% sure there is more violence against men in videogames then there is against women. 
212,IameAuhSomme,It's common knowledge that computer generated images have psychic powers which directly interface with the minds of teenage boys and plant in their subconscious the desire to become sociopathic serial killers.
213,newmobsforall,"I didn't say there wasn't. I'm talking that the GIF is more ABOUT Violence Against Women, not that there is more violence against women."
214,Stephen1985,"Wow thats fucked up, even I was more horrified reading the first part of the description. This shit goes deep, I feel indoctrinated."
215,kupfernikel,"dont link them dude, do a screenshot, dont give them views for shit like this."
216,under_score16,Beyond messed up kind of a crime. I can't imagine the suffering.
217,tacosaladchupacabra,It's huffpo. Ignore them
218,,"So, what does it say about me that I wasn't offended by either one of those stories being filed under ""weird news""?"
219,,It says that you missed the point
220,,"No, it says I chose to ignore the point in favor of not being acting like a victim, because this entire story is a complete non-issue."
221,mean0dean0,Make her pay rent then. What else would you do with a roommate who wasn't paying their fair share?
222,Terry_Bruce_Dick,"[The reality of this song didn't hit me until much later in my life.](http://www.youtube.com/watch?v=sxSEW3sUitA)

I kinda suspect the boyfriend verse was thrown in there out of a sense of fairness - of ""well, there are some guys like that, too."""
223,Tastysalad101,"ffs men don't get married, when will men learn."
224,tr3k,I know that feel.
225,ucecatcher,Divorce is the nicest thing a man can buy himself.  Start saving your pennies.  In an account she doesn't have access to.  
226,QQ_L2P,"Ouch, sorry to hear that man. But mean0dean0 has the right idea. You basically have a room mate that you may/may not be banging. If your roomate doesn't pay you kick that shit to the kerb."
227,,How much will be enough?
228,tr3k,">Make her

That's the hard part."
229,Chervenko,"How does humanity repopulate with a written agreement, then? 

And yes, civil unions are practically marriage (by state)."
230,mean0dean0,"How do you make any roommate pay rent? You threaten to evict them. Tell your wife you two are done, that you're not going to take care of a deadbeat moocher. If she refuses to leave and the house is in your name, check your rights with the dept of housing and urban development and then call the police to have her removed from the premises. Lawyer up and get ready for divorce court. If she wants a sugar daddy, she's not worth your time and money. You wouldn't do that to someone you loved, right? So why would you accept that behavior from someone else who claimed to love you?"
231,,[deleted]
232,kaluh_glarski,I just can't.
233,existentialdude,i want to see John falsely imprisoned. 
234,,"I am unsure about the *logic* of this woman. Surely, had he not gone to prison and had she divorced him anyway he would never have been *given* the four million dollars? She divorced a poor *convict* not a free man. By any sane logic she would only be entitled to half of whatever money the prison gave him during the time he was married to her while incarcerated. That and half of whatever else he owned at the time.  
I know The Law is insane at times, with people being jailed for accepting bribes the briber is acquitted of tendering and other oddities but I'm not sure I can see any basis for her claim.  
The convict did not earn the money *while in the marriage*. It is proceeds of a gift given to him *after the marriage was dissolved* when she had no legal connection to him.  
So far as I understand it, **I** would have as much claim to his compensation as she did. I am equally a stranger to him. 
But, I am not a USAlien lawyer and I would very much like to know exactly how wrong I am.  
Any real lawyers in the house?  "
235,MRMRising,"This just goes to demonstrate that men, (like John) can be just as misandric as Big Red."
236,,"Be right back, I gotta puke."
237,,"Do you mean to ask ""Why does 'John' not offer to go to prison to act as a sacrifice in lieu of the many millions of mass, serial rapists who are 'getting away with it'?""? If so, the answer is simple: elderly priests.  
If they truly, truly believed that their after-life would be such a great and wonderful place, every single entry class in every seminary worldwide throughout all of History would have been a blood-bath as every priest cajoled every one of their fellows to murder him that each and all would reach their reward that little bit faster.  
There would be no *followers* wearing bomb-vests only the very highest of the hierarchy of the priesthoods. There would be no Crusaders dying in hordes before the priests rushed to do so.  
""John"", in truth, does not believe his own words. He is a hypocrite and a liar. Like the priests he is unwilling to sacrifice his own liberty, life, treasure and comforts to the cause he espouses while being very willing to throw others into the fires.  
He is the one who votes for he death penalty, for harsh treatment of prisoners, for jail without trials of anyone accused of a heinous crime - after all the police would never arrest without good cause,would they? He supports all of these until it is his very own precious self being taken away to face the noose. Then, suddenly, clemency seems like a fucking brilliant idea.   
But, naturally, only for the *innocent*. Or those who *didn't mean it*.  
In short, 'John' is a wanker.   
.  

.  
I suspect my punctuation in my first sentence is a little more Oxfordian , or Byzantine than is usual in Standard English.     "
238,VeritasLiberabitVos_,Because he's probably gay
239,thrway_1000,Court told her she gets nothing. Its compensation for time imprisoned not income.
240,,"Here what I think she probably argued:

By sending her husband to prison, the state deprived her of income and companionship. She divorced him because he was a rapist. Now, she is probably arguing that she deserves some of the compensation due to the hardship she had to go through. It's not actually a bad argument, but she probably would have been better off going after the state, instead of going after her ex husband. "
241,boshin-goshin,The ultimate misogynistic repudiation of women. 
242,,"Well done that court! It is rare to see a bunch of lawyers agree with what the rest of us would call ""common sense"". "
243,,"It's a **lousy** argument, which, of course, does not mean a court would reject it. By what I've heard, *she* divorced *him*. If anyone was deprived of anything it was *him*. By her twisted logic, **he** should sue **her** for all income she had during his incarceration and for lack of marital comforts.  
If she really is as mean, selfish, stupid and vindictive as she appears, *I* would never have married her but had I done so I definitely would have counter-sued.  
Just to annoy the scunnersome wench. :)"
244,,"My problem is that I won't date a woman that can't live with an honest answer, which narrows the field pretty damned far lol.

In addition, any girl I date will have to accept that I actually *want* the clothes she wears to make her butt look big."
245,,"As a woman,

that is fucking hilarious.  And I think it should come as a standard answer in the book called ""So, you live with a woman."""
246,AnnieSchueler,"I hear ya. Today I asked my bf for his opinion about my new haircut. His reply: ""I don't hate it, but I don't like it either."" For a sec I was seriously wishing he could be less honest once in a while. Then I realised him being honest is actually a good thing and worth much more than a false compliment. 
(For the record, I feel exactly the same way about the haircut. So technically I asked him to make me feel better about my hair. Maybe I should have actually phrased it like that.)"
247,,"My stock response is ""No, this dress doesn't make you look fat, your tremendous ass makes you look fat."" 

I per-emptively announce this will be my response if this is brought up in conversation, so it is never brought up for real. "
248,shabio1,"they say they want someone honest, once they do get someone honest they spaz out at them for being honest. "
249,Jayrate,Your tl;dr is perfect.
250,EetuM,I posted a question on /r/askwomen asking how they would react if asked not to wear make-up [you can see by yourself what happened](http://www.reddit.com/r/AskWomen/comments/1857ki/how_would_a_woman_react_if_i_told_her_not_to_wear/)
251,whoasir,"I hate that. ""Does this make me look fat?"" No. The extra 70 pounds you've got hanging about does. That's why when I want an opinion on an outfit I ask ""Does this make me look more fatter than usual?"" Hahaha!"
252,vishtr,"If she's fishing that hard for a compliment (which is what that question is), why would you not just give her the compliment?"
253,Rollingten,"Next time my bf asks if his dick was too small, I'll just be honest. /s


Just be supportive if someone has low self-esteem or needs a pick-me-up. Jeez, dude."
254,tbast,[sounds like this](http://www.youtube.com/watch?v=c3hUFgmNI3k)
255,ARedditorCalledQuest,Well that's certainly one way to do it!
256,filo4000,when do you per-emptively announce this?
257,ARedditorCalledQuest,Thanks!
258,ARedditorCalledQuest,"At that point, the compliment lacks sincerity."
259,,"Because most men do not want to date, fuck, or live with mentally/emotionally needy women with low/no self esteem, and we definitely do not want to be in charge of repairing their psychosis. We want rational, logical, and reasonable adult women. "
260,ARedditorCalledQuest,"You know what's great about doing it the way that I have been? The people that I've cultivated relationships with really appreciate the compliments and pick-me-ups that I do give them because they know I'm being genuine about them and not just blowing sunshine at them.

That being said, it takes all types to make a world worth living in and I'm glad that you and your boyfriend have a style that works for you both (I'm assuming that it's working because you're telling me I should use it)."
261,ARedditorCalledQuest,Oshit! SPELLCHECKED!
262,Jayrate,"
Could you imagine a woman being demonized for complaining about her husband's largesse or emotional needs? Hell no. But if a man doesn't actively lie to a woman's face to give her a false self-image, he's called an asshole."
263,filo4000,"did you make a spelling error I really didn''t notice, I was just asking"
264,TasteThePainbow88,"For anyone wanting context, the topic of discussion was the blogger girl who goes on dates just for food (someone posted about her on MRants a few days ago).  [Girl with the blanked out name] was defending her, I was not.  And our discussion eventually lead to this comedy goldmine.

Enjoy!"
265,Ketas14,"It amazes me that truly every dialogue I've ever seen with a hardcore feminist contains the 'I'm not going to educate you' clause. How they pull off that kind of similarity in defense is beyond me.
"
266,init2winito1o2,"because having taken one or two classes in high school/college makes one so very qualified to speak with authority.... especially when its only a class from high school...

I love how people say ""I took a class in high school"" as though that means they are educated enough on a subject. it carries as much weight as ""I am rather offended by your statement"""
267,Goatkin,Having read the continued thread. I am 90% certain this is a troll.
268,TheTravelerJim,"Hello???  She's female!!!  LOL!!!

Reminds me of the time a guy told me ""He can't be racist; he's black!!!""  I'm like ""Wait; did you just say he can't have certain thoughts and feelings because of the color of his skin??????""

"
269,5th_Law_of_Robotics,Also all men are really bad about broad-brush stereotypes.  
270,,[deleted]
271,INeedANewAccountMan,Do you have a link to the original thread?
272,,"Because they usually don't have to justify or support their claims. Being surrounded by people that all think the same thing and agree with each other(echo chamber) isn't an environment conducive to intellectual rigor. And, being part of the group who is the authority on all things gender related, they basically don't have to answer to you. They feel secure in their belief because it's what the dominant group believes. IE, most people's opinions aren't based on facts or evidence, you'll know who when they refuse or fail to provide evidence."
273,TasteThePainbow88,"One would hope, but one has also been surprised before. "
274,,[deleted]
275,TasteThePainbow88,"[Link](http://np.reddit.com/r/dating/comments/1ppo5d/toronto_woman_serial_dates_to_get_free_restaurant/)

Linked as a non-paticipation link to discourage vote-brigading.  You guys aren't my personal army, after all, and I don't need you to be.  But if you REALLY want to weigh in on it, just replace the ""np"" with ""www.""

Edit: fixed np link."
276,Goatkin,"At least anecdotally, I am very judgemental and the girls I date are always pretty uncomfortable with it. Having said that, I always date lefties and the observation is somewhat reversed for my more right leaning female friends."
277,INeedANewAccountMan,"This place should have a strict np rule to be honest, just wanted to see the context and conversation myself."
278,wagesj45,"Jeez, I hate this. And I'm a bleeding heart liberal! Nothing irks me more than being told I should feel bad for what I was born as. I'm already on your side, people! Isn't this the exact mentality that you want to stop? If it's wrong for one group, isn't it bad for all groups?

Jeez oh Pete..."
279,ieuan93,You obviously need to check your privilege. 
280,paracog,"You at least shouldn't feel alone. http://www.youtube.com/user/girlwriteswhat/videos?view=0
"
281,EN2McDrunkernyou,"Oh man, I know, the system is so unfairly slanted against you! If only you had been born an Asian woman, or a black man. "
282,giegerwasright,">And I'm a bleeding heart liberal!

I used to be like you. Then I realized that if I actually had privilege, I would be able to purchase the adulation of the left for a fee. Since I cannot afford that fee, I'm only useful as a punching bag. Fuck that."
283,bridgecrewdave,"Or the ultimate easy mode, Black/Asian Blind Transgendered Person with Polio."
284,giegerwasright,"Competent black men benefit greatly from the lowered expectations caused by the self denigration of black culture. Black men who show up to work on time every day, treat their bosses and coworkers with respect, and do their jobs with competence will have the opportunity to shoot up the ranks pretty easily. Why? Because that will fill a quota for the employer and they'll know that it will be someone capable.

Unfortunately, this also often causes the Peter Principle to hit fast forward."
285,,Tiger Woods? 
286,ARedditorCalledQuest,"Absolutely. Quality submission. The ways of the spam filter are mysterious and beyond our human comprehension, so it got stuck in there for a bit.

Anyways, what the hell? Car broke down in traffic =/= likely rape scenario."
287,eithris,"where i live if she refused to be pushed out of the intersection, she would have been knocked out of the intersection by a larger vehicle."
288,,"> A lot of kids need to know about this stuff because, if the boys find out about it, maybe they'll become feminists, too, says nine-year-old Shaye Moran.

It's this kind of dogmatic shit that bothers me (as well as all the other types, of course.) Feminism is a highly abstract theoretical discipline with an ocean of literature, plenty of reference to social science, history, and biology. Am I supposed to believe that a 9 year old girl indulged in all that, did good research, and came to a good conclusion?

No, of course not. She's indoctrinated from  a young age to be a radical. 

And of course it's not nearly enough for her to simply say she's a feminist, be happy with her dogma, and be done. She has to try to target 9 year old boys into buying her dogma because it's the one holy truth. The one holy truth of how to properly describe society, shape your morals, and analyze data. 

> She first said she wanted to it on something from history, says her mom, Linsay Ambeault. So I started telling her about the suffrage movement.

Yes, ""The Suffrage Movement"". That thing where there was one movement, it was nice and cohesive where everyone wanted the same thing, and they unified for that purpose into a movement to accomplish their goals. 

> That captivated Shaye's interest and she poured her energy into writing what she thought would be the best oral she'd ever written, maybe an oral that would take her to the gym  possibly even the city finals.

What? A nine year old who was undoubtedly getting told she was the strongest little princess in reality by her dogmatic parents (who's appraisal of her work was certainly not influenced by the fact that they gave her those beliefs) had unrealistically high expectations? Well shit, that never happens. Such oppression.

> But, when her teacher, Mike Chudoba, gave it back to her with his notes, Shaye was disappointed to learn she would have to remove a paragraph that talked about rape statistics and Ontario's proposed sex education curriculum from it before she could present it to her class.

Ahh, I can just tell that this was a level headed presentation and not a radical rant presented to 9 year olds.

> One out of five women and girls will be raped or assaulted by a man, and less than 1% of rapists are held accountable by a court of law. It was not until this year, 2015, that Ontario's curriculum began teaching kids like me the concept of consent, which is the right to say no. 

> One out of five women and girls will be raped or assaulted by a man, and less than 1% of rapists are held accountable by a court of law. It was not until this year, 2015, that Ontario's curriculum began teaching kids like me the concept of consent, which is the right to say no. 

Yep, level headed, researched, and well presented. 

No wait, they didn't even get the definition of consent right...

> But she and her mom believe it's important that kids her age understand they have a right to say 'no' to adults and other kids, and that their bodies are their own.  

Most people already know this... although I still have no idea what 9 year olds are going to consent to. 

> She asked me if anyone had ever changed the world with a speech, said Ambeault.

Holy unrealistic expectations batman!

> He told me it's the first time he's ever had to deal with a student writing an oral on a subject too advanced for them, said Shaye.

Oh for fuck's sake, the principal was being nice. She's not ""too advanced."" She's completely inappropriate. God dammit. I hate this shit so much.

> More people are going to hear about this through here than would even if I went to zone finals with it, she said.

Gosh you're nobel. Seriously though, we've all heard these tired statistics being thrown around. Citing them for the hundredth time won't do anything.

> It could be like that pond thing, you know, with the ripples going out, she said.

Yes, you and you're daughter a the cause of rape awareness. You are the center of the ripple, that's exactly what this is. For fuck's sake, these people are idiots."
289,Tilting_Gambit,"The article is likely sensationalist garbage from the quotes in this thread, though the link from the original doesn't work. But I have no dramas with the predominant view in the /r/feminism thread. The people saying it's a disgrace to censor are getting downvoted and the people saying not to include rape statistics in a 9 year old's is speech are getting upvoted. 

Just because /r/feminism is often batshit crazy, don't just mindlessly hate whether they get it right or not. They resolved the sentiment of teaching ""rape culture"" to kids pretty well. "
290,totes_meta_bot,"This thread has been linked to from elsewhere on reddit.


 - [/r/mistyfront] [/r/feminism title: &quot;My friend&#x27;s daughter did her oral presentation on feminism. The school censored it.&quot; What actually happened: The school didn&#x27;t want a 9 year old to be the first one to explain what rape is to her 9 year old peers. (/r/MensRants)](http://np.reddit.com/r/mistyfront/comments/2vv9pp/rfeminism_title_my_friends_daughter_did_her_oral/)


*^If ^you ^follow ^any ^of ^the ^above ^links, ^respect ^the ^rules ^of ^reddit ^and ^don't ^vote ^or ^comment. ^Questions? ^Abuse? [^Message ^me ^here.](http://www.reddit.com/message/compose?to=%2Fr%2Fmeta_bot_mailbag)*

"
291,Muffinizer1,"Yeah the comment war was still in its early stages when I posted. I was still infuriated that the title was manipulated like that and the post got so many upvotes, but I am glad a lot of the people there realized that there was more to the story than what the title implied. Reminds me of /r/worldnews (I think, some news related subreddit, maybe /r/technology, I don't remember the details) upvoted a cooking recipe to the front page because it had a provocative title. It really shows how much ""bumper stickers"" affect people's view of the world, and its kind of sad. "
292,amishbreakfast,"Originally, MADD (mothers against drunk driving) made their cause about lobbying to make the penalties for drunk driving harsher and to increase the awareness of the dangers of drunk driving.  A pretty worthwhile cause, I'd say.  And they won.

But when they got their way, when their goals were achieved, they didn't pat themselves on the back for a job well done and go home.  They had a large donation receiving network, they had political connections, and they were a publicly visible and respected group.  So they just re-purposed themselves and used those tools to take on new causes unrelated to driving intoxicated.  Like motorcycle helmet and seat-belt laws or redefining ""intoxicated"" to mean drinking one can of beer within an hour of getting in a car.  Now MADD aren't brave heroes; they're intrusive busy-bodies.

Basically, I think the same thing has happened to feminism.

*tl;dr feminism won, won't admit it, and now tries to absorb other issues to justify existing*"
293,regeya,"I'm not an atheist, but ask the skeptics how that's going.  Apparently a certain Feminist Who Shall Go Unnamed (to name her is to call her) is known to give talks which have nothing to do with skepticism, and shames anyone who calls her on it.

There is absolutely nothing wrong with fighting for equality.  There is something wrong with trying to make everything about you, whoever you happen to be."
294,ArchangelleGestapo,"That's all that feminism can do these days. Their own cause has died a long time ago, but the idea of actually having to do something normal with their lives appalls them, so they clamp on to every kind of activism that they find and make it about them. Atheism, Occupy, Anarchy, now this. It's their only way to get attention, to get people to listen to their never ending complaining."
295,masonmason22,[Here's the thread that made me bring this up](http://www.reddit.com/r/vegan/comments/19wu10/today_is_international_womens_day_the_oppression/). 
296,IceRollMenu2,"I haven't read the book, but some interview with the author, and it seems her idea is that you can't be wholly against unnecessary oppression if you are a feminist but also eat meat. Basically she's calling out what she considers hypocrisy.

I mean, there are definitely some relations between gender stereotypes and meat eating. Consider [the german meat cooking magazine called [beef](http://www.beef.de), which has as it's catch phrase: ""fr mnner mit geschmack""-> ""for men with good taste"". Or take Adam Richman's [""man vs food""](https://en.wikipedia.org/wiki/Man_v._Food), in which ""man"" is pretty obviously not meant to mean ""human"", but male. This relation of manliness to meat eating is just a part of our culture, and if you think there's something wrong with traditional gender stereotypes, this might be something you can critisize.

Personally, I would not think it to be reasonable as a first priority from a feminist standpoint. After all, there are many other things men are expected to do more than women, e.g. drive cars, drink, enjoy sports, etc. I think this is where you need the premiss that meat eating is particularly harmful, more so than e.g. sports. But all in all, I can see what the connection is between feminism and veganism."
297,masonmason22,"And through that they try to swell their numbers. I always come across feminists saying ""If you want racial equality, then you need to be a feminist."" Now they're saying ""If you want to end animal exploitation, you need to be a feminist."" It is just frustrating. "
298,Deansdale,These are seriously idiots. No doubt about it.
299,masonmason22,"You make some very good points.

I just don't like the way they blame it on patriarchy theory, which then blames it on men. Women just as much as men reinforce gender stereotypes and feminism and all of it's patriarchy theory isn't needed in the fight against those. "
300,,"> relation of manliness to meat eating is just part of our culture

Well, McGill researchers have found that [seeing meat calms men down](http://www.mcgill.ca/aoc/news/channels/2010/november/1/caveman-behavioural-traits-might-kick-dinner-table-eating), and it's not a localized cultural phenomenon.

inb4 biotruth"
301,IceRollMenu2,"As far as I understand, the argument goes the other way around: The author is saying that if you want to be a true feminist, you need to be against animal exploitation. In a way it's the opposite of what you accuse her of."
302,IceRollMenu2,"I think patriarchy is an important concept in feminism. As far as I have heard the concept used, it's not meant to mean ""men"" in general. You can be opposed to patriarchy as a man, and there are women who support patriarchy. I think this is why a feminist can agree with you that some women reinforce gender stereotypes just as badly as some men do. Patriarchy is just supposed to be a system of power relations in which men are generally favored, no matter who supports or fights that.

EDIT: Why downvote this? I was not trying to piss anyone off...?"
303,masonmason22,"Is patriarchy a system that still exists? I was under the impression that as an institutionalised system, it had disappeared (eg: women don't need father's permission to marry, etc). "
304,amishbreakfast,">women don't need father's permission to marry

This one always confused me.  Boys were placed into arranged marriages too.  Somehow when it happens to a girl then she is victimized, but when it happens to a boy then he is a co-victimizer."
305,IceRollMenu2,"I think these are actually two questions: (1) Are there places where patriarchy is still institutionalised and (2) Should only the institutionalised versions of patriarchy be politically relevant. I think (1) is easily answerable, as there are still many parts where patriarchy is directly institutionalised (e.g. women not being allowed to drive cars). But how much of patriarchy is institutionalised in the west depends a bit on what ""institutionalised"" is taken to mean: Some states' unwillingness to provide for day-care centers and other failings to make child-rearing and work compatible mostly favor women to stay at home and be dependent on their partner. Another thing would be the ban on abortions in some regions, as it restricts women's authority over their own bodies. I think things like these could be seen as ""institutionalised patriarchy"". But (2) is crucial as well, because political agendas can include things that do not aim at legal change, but at social change. Patriarchy would probably also include women being harrassed at work, or being misrepresented in the media (ever heard of the [Bechdel Test](https://en.wikipedia.org/wiki/Bechdel_test)?) So from a feminist standpoint, not just changing a state's institutions matters, but also making relations between genders more equal in general."
306,TheMortalOne,"I thought that was just another case of 
""patriarchy hurt men too"".

Despite the fact that often it it was the mothers (or female matchmakers, like in fiddler on the roof) that arranged the marriage. "
307,masonmason22,"I see. While I'm not sure how I feel about these things and don't have any substantive replies or responses at the moment, I do wanna say thank you for taking the time to write out thoughtful responses to my questions. "
308,TimPwb,"Real quote?

And I didn't know Orville Redenbacher's Great-Grandson started tumblr!"
309,Nukgci,I don't think this is real. It's true though.
310,,[deleted]
311,thrway_1000,"No, but it's pissing of SJWs everywhere so I thought it was funny."
312,,"Yeah except the notes system is terrible, the limits on GIF sizes is beyond retarded, and the dashboard system encourages sifting through low quality posts for a couple good ones (not counting the duplicates).  It's really just a garbage recycling website.  Not sure why you'd bring Facebook up here, they're completely different. "
313,,Can confirm am personally outraged
314,ArchangelleGestapo,It's all Disney's fault.
315,ARedditorCalledQuest,"My SO and I were just talking about that the other day. Apparently a lot of women just turn into total nightmares around Valentine's day for reasons they can't even adequately explain to themselves. Something about being told their entire lives that the validity of their relationships, which in turn represents their validity as women, is reflected in how ""perfect"" Valentine's Day is. Which means everyone she dates has to do it better than the last person. Add a bunch of letdowns over the course of ten or fifteen years and that's a lot of making up to do. "
316,,"This is why my partner and I agreed a long time ago that we won't use socially acceptable dates to be nice to each other. We buy each other gifts when we can, not because we are required to (like, he would buy me a high end microscope, I would buy him a Fender Strat... we had no reason to, we just did it because we wanted to)

I remember being a kid, and my friend telling me that I should just save up money for Christmas, so I can give gifts to everyone. They all got upset when I had nothing for them. It was bullshit, because all through the year I was always buying them little things I thought they would like.

"
317,MisterBarbaredo,"I do not disagree with you in the slightest.  But, I want you to know that there are women out there who would read this and agree with you.  I feel lucky that one of these women is my SO. (as much as she hates V-day, she totally beat me in the gift Dept and she does not secretly hate me for it)

There is hope, man.  You'll find her yet.  "
318,HDATZ,"I can't tell you how much I feel your pain. I've been saying this since I was a teenager. Long about the middle of January every year, we begin to be bombarded with advertisements ""for her"" and card displays, heart signs, and they all seem to be saying: ""If you don't have a significant other, you're not complete."" Not to mention how it must be for those who are unattached and not happy about that fact. They are force-fed a blitzkrieg of ads showing them how happy everyone else seems to be, since this is a holiday for lovers, something they are not a part of.

Oh, and don't get me started on how the entire ""holiday"" screams money=love. Love someone? Prove it by spending money on them. They don't want handmade things from the heart, they want material things. If you don't, they will be embarrassed and ashamed of you, and you can't have that, can you? BUY BUY BUY!!"
319,mcSibiss,I've been lucky for this. I have been single in only one of the last 11 Valentine's day and I have never bought any gifts or did anything special. Both girls I have been with during these years thought that Valentine's day was a bullshit holiday. Sane women exist. I hope you find one.  
320,mdoddr,"Don't forget that for a lot of women you are supposed to pick up on subtle hints as to what they ""really want"" and if you don't find that perfect gift that fits all their arbitrary values you're in the dog house.

But there's more. If she gives you something completely out of synch with your tastes you have to pretend to like it. You don't get to cry and pout that your gift wasn't what you wanted or throw up your arms and complain that they ""don't really get you"". You have to act like an adult and politely pretend to like it. 

I hate *that*"
321,cynwrig,"My motto:  If Hallmark celebrates it, I don't."
322,ownworldman,"Hehe, I got Lord of the Rings books from my SO for Valentine's, and we watched a movie and had a pleasant day. I might not appreciate her enough."
323,newmobsforall,I might add Mother's Day. A huge number of women get royally pissed off when their husbands and boyfriends don't buy them lavish gifts for Mother's Day.
324,mwilke,"I like our setup. My husband and I noticed the same thing you describe, so now we celebrate Valentine's Day (which is me-focused), and then we do Steak and BJ Day on March 14 (look it up! It's a thing!)"
325,JoopJoopSound,"Same thing but with how 'perfect' their wedding is.

Bride fetishism is an actual disorder now, so many women have this whole twisted fantasy in their sights.  They think that marriage means they will be treated like a bride for all eternity and they can just act like ignorant bigots.

TL;DR: Bride fetishism is a thousand times worse than Valentine fetishism."
326,,Best Couple of 2013
327,BuncyTheFrog,"How would you know, if it's a secret?"
328,wild-tangent,"If I get one more useless item that I now can't get rid of or else... I'll just grin and smile and say ""thanks honey."""
329,orsini1138,"Hallmark probably made most of these holidays.

My motto: If we don't get the day off, it's Hallmarks and I'm not celebrating it"
330,newmobsforall,You don't.
331,wild-tangent,"Thankfully I've skipped any and all importance on Mothers' day, but then again none of my girlfriends have been mothers, and my father even had to pony up at least some bauble for her to fawn over."
332,newmobsforall,"Personally I think the gifts for Mother's and Father's Day should be from the kids, not just blanket gifts to anyone who ever managed to procreate."
333,robby7345,I've never given any other woman besides my mom a mothers day present. That doesnt make much sense.
334,wild-tangent,Much agreed.
335,ICEFARMER,"How dare you have common decency and be courteous to a fellow human being, you asshole!"
336,Kuato2012,One person in this story *is* both an asshole and a fucking idiot.
337,oscillating000,"In situations like these, I suggest that you exercise your right to tell others to ""fuck off."""
338,, This is why I don't bother anymore. Either I got scowled at or the princess in question breezed by without a thankyou. 
339,chortle-guffaw,Follow up Karma: she interviews with you in a year.
340,GreasedLightning,"If you see her again, open it til she's a foot away, then close it on her. Maybe just stand in the door way afterwards as well."
341,,"Ahh, she's just winning this game called life."
342,pnw_diver,Women have become such creeps. Next time you see her give her the finger to her face.
343,,what a cunt!
344,Revorob,"The way the world is going, it is getting hard to believe that men were once praised for such courteous behaviour towards women (I think it was called ""chivalry"" or something like that). Back in the day when men and women were raised to be polite and respectful towards each other, society tended to be more pleasant and peaceful. 

Fast forward to today whereby women have no respect for men, these same women wonder why men have little to no respect for women.

The moral of the story is: don't treat women with undeserved care or respect. They don't do nothing to earn it and they are incapable of appreciating it.

This could almost be a Red Pill post."
345,GamerLegend007,They say chivalry is dead. What they didn't say is that Feminism is what killed it. 
346,AnnArchist,That's when You grab her phone and throw it then run away
347,Tarbaak,"I know, right? The nerve. "
348,DandyReps,"Yeah it's not like he works there. On top of that, when the cops catch him, he'd be charged with sexual assault too"
349,,And his hands were full.
350,,I seriously can't handle this shit anymore. 
351,SporkTornado,Does tumblr take anything well?
352,A---Scott,"I feel ya. I've debated unsubbing from TiA, and threads like it because the posts just make me irritated. "
353,brian5476,"But, but, but research for breast cancer helps ALL cancer varieties! (/sarcastic annoyance)"
354,Imnotmrabut,"This is true, and we should all be grateful that the more you are a tit, the more toxic chemo you get. There is hope that the world will be left with Futrellism cured and no more blathering man boobies! (/Sarcasm level 10 back on) "
355,ThePedanticCynic,Feminists are very practiced at denying facts. Nearly everything they say is rooted in a denial of reality.
356,arkindal,"So, in the US is it really a thing guys have to do?  
What if a dude doesn't propose with a diamond ring?  
Just curious."
357,HDATZ,"Also worth the read:

http://m.theatlantic.com/magazine/archive/1982/02/have-you-ever-tried-to-sell-a-diamond/304575/"
358,,"And this is why for my wedding 'gifts', my partner and I bought each other items of worth. I bought him a American Standard 2012 Fender Strat, and be bought me several lovely locally made dresses and scarves. It has turned out to be much better for us, because we can actually use the presents, and are reminded of each other by them.

Rings are just annoying now. "
359,mnspln,"This pretty much nails it:
https://news.ycombinator.com/item?id=5405905"
360,,"It's common, but you don't have to do a damn thing you don't want to. My husband and I bought each other rings after mutually agreeing to get married (no proposal). I got a sapphire ring with a couple of tiny diamonds, and he got a tungsten carbide band. I paid out of pocket for both of them (he paid me back for mine later) and it totaled to 2 weeks of my salary.

Don't get scammed by a selfish woman. Do what *both of you* want, not just what society demands."
361,,[deleted]
362,arkindal,"Jesus... That is so sad...  
Thanks for the link."
363,Pecanpig,"You should watch out with those tungsten carbide rings, they will break like nothing if they hit a hard surface. (like falling down on concrete and catching yourself)"
364,arkindal,"Oh, no no, there is a misunderstanding here.  
First of all I would like to congratulate for being a clever woman and having those opinions.  
About my post, I'm Italian, I was just curious about this diamond thing since I see it in movies and stuff, not planning on getting a diamond myself and I wouldn't stay with a woman who expect me to get one, it's stupid in my opinion."
365,BalllsackTBaghard,"These are the industrial made diamonds, right?"
366,,"I've heard that. They seem more like rocks than metal, for some reason. I'll tell my husband to watch out for it. Luckily, those rings aren't insanely expensive, either, so if we ever had to replace it, it wouldn't be a huge deal."
367,,"Yeah, diamonds really are the rule over here. People rarely pay 3 months salary for them, but it is definitely traditional to get a diamond.

Luckily, most women I know wouldn't be extremely offended over ignoring tradition. It's really as simple as talking to the woman. A lot of them will like more personally meaningful or even ""geeky"" rings that have more personal significance than a diamond to them."
368,Pecanpig,"Some tungsten carbine alloy's have an insane carbon content, where a high carbon steel might have 4% carbon tungsten carbine might have 20%."
369,arkindal,"I know this might sound terribly silly but I would really like to hand craft the ring myself and try to program a short text based game to propose. Oh well, one day, maybe. But this sure have more personality than a diamond."
370,,I agree! Good luck with your plan. :)
371,ThePedanticCynic,"Then why do they let women in?

I can understand a women-only self defense class, because things get physical in martial arts and people can get uncomfortable being that close to someone they don't know of the opposite gender. There's no reason to throw a bullshit excuse on it, though."
372,,[deleted]
373,Jerkie_Cokehead,It's not rape if it's George Clooney.
374,,"I'm going to guess that their 'strategy' boils down to some combination of scratching, pepper spray, and nut-kicking."
375,TotesMessenger,"This thread has been linked to from another place on reddit.

- [/r/mistyfront] [My sister's self defense class is for women only, because ""we don't want rapists to know our strategy."" (/r/MensRants)](//np.reddit.com/r/mistyfront/comments/32gn5m/my_sisters_self_defense_class_is_for_women_only/)


[](#footer)*^(If you follow any of the above links, respect the rules of reddit and don't vote.)
^\([Info](/r/TotesMessenger/wiki/) ^/ ^[Contact](/message/compose/?to=\/r\/TotesMessenger))* [](#bot)
        "
376,Jerkie_Cokehead,Can trannies get in or what?
377,ThePedanticCynic,"The ultimate, undefeatable, impenetrable, unavoidable defense: wear a cup. Like any man, ever, in any sport."
378,,"This comment has been overwritten by an open source script to protect this user&apos;s privacy.  It was created to help protect users from doxing, stalking, harassment, and profiling for the purposes of censorship. 

   If you would also like to protect yourself, add the Chrome extension [TamperMonkey](https://chrome.google.com/webstore/detail/tampermonkey/dhdgffkkebhmkfjojejmpbldmpobfkfo), or the Firefox extension [GreaseMonkey](https://addons.mozilla.org/en-us/firefox/addon/greasemonkey/) and add [this open source script](https://greasyfork.org/en/scripts/10380-reddit-overwrite).   

 Then simply click on your username on Reddit, go to the comments tab, scroll down as far as possible (hint:use [RES](http://www.redditenhancementsuite.com/)), and hit the new OVERWRITE button at the top."
379,SporkTornado,I thought it was basic martial arts and nutshots.
380,Dolphin_Titties,Holy shit your comment history is *pathetic*. Good luck getting laid one day son. 
381,Jerkie_Cokehead,"Go catch some STDs, you stupid PUA!"
382,patriot_Hannibal,I believe the politically correct term you are looking for is STI. /s
383,VoteAnimal2012,It's funny because people assume women on reddit are men all the time.
384,wabernack,[The gif in question.](http://i.imgur.com/xxpSIoh.gif)
385,HydrogenxPi,Who the fuck would freak out over that?
386,evilbrent,"You know what that gif isn't so scary. Little toddlers can be bomb proof sometimes because they're light but have high strength to weight ratio. 

I don't see what you being black has to do with it but that was pretty rude to assume that expressing normal human compassion is a female trait"
387,Oceanfloorsmusic,"I wouldn't say op is freaking out by posting this, just bringing attention to it. "
388,moonphoenix,toddlers are like ants of people then?
389,evilbrent,except ants have a sense of self preservation
390,moonphoenix,and are not total assholes. babies are just selfish.
391,evilbrent,delicious though.
392,ThePedanticCynic,"House is basically a very condensed reddit, but like 10 times smarter."
393,stop_stalking_me,S5E1 if anyone is curious. There were a few other good lines that he said.
394,TheRealMouseRat,what does that even mean? that by having a penis he is automatically guilty of raping her? (even if he hasn't done anything) 
395,PM-ME_YOUR-DREAMS,How I love House. Every episode he drops little nuggets of wisdom. Great show. Nice post OP. I need to finish my binge watching now. 
396,dball37,I'm not sure of the context of this quote but you'd be surprised that some women do have the exact idea that you just stated. But a hefty majority of women don't. 
397,,[deleted]
398,xNOM,Oh lovely.
399,dkyguy1995,"That's fucked up man, at least the friends that stuck around were probably the ones who knew you well enough to know you weren't a rapist, and the ones that left are better off with some chick who could backstab them too by being deceitful "
400,,My ex girlfriend did the same thing but labelled it abuse rather than rape and they took her side.
401,lifeiscooliguess,"It might be but im pretty sure if id gone to the cops id be put in handcuffs. Luckily she never went to them either. She still ruined my reputation, and i lost half my friends. I couldnt face the ones who doubted me. At least it left me with ones i trust now."
402,lifeiscooliguess,Thanks man. I did find out later that the people who took her side are no longer friends with her. She ended up burning each of those bridges in their own unique ways. I learned later that she has this habit with every new group of friends she makes. Her psychosis probably has something to do with it. When i met her she was on enough anti psychotics to put a horse down
403,BERTA_LOVEJOYS_SON,"Good, at least that weeded out all the ""friends""."
404,dkyguy1995,"People like this breed trouble. Those people probably don't dislike you anymore because they have probably realized she had issues once those issues started to affect them. So while they might not be in your circle anymore, those bridges aren't burned and you are probably in a better position than when she left you. When you date someone with severe problems like this, no matter what guise of happiness you create for yourself, if that person abuses you in any way be it emotionally, mentally, or physically,you will find down the road that you are better off as a person and living a less complicated life for not having those problems"
405,,She'll acquire 3-6 cats and tell herself she's happy as she drowns her sorrows in gallons of ice cream and cries herself to sleep at night.  Men can do without women but not vice versa.
406,SarahC,"Yep - a guy gets married, he has *extra* responsibilities. If he divorces he loses lots.

A women gets married, and she has the *potential* to just stay at home, watching daytime TV, get pregnant, and go out to shop every day.         
If she gets divorced she gets more than the guy does.


No wonder women are unhappy with feminism saying they don't need men and marriage!
"
407,,Well done. I hate that shit when they pull it.
408,Jerkie_Cokehead,Ha ha!  Brilliant!  +1
409,trollawaylollo1lol,Hahaha
410,revofire,It's called equality not feminism. How stupid are feminists when they believe it is equality?
411,phySi0,From [this comment](http://www.reddit.com/r/AskReddit/comments/1su7u4/what_photo_leaves_you_speechless/ce1elh2) on an /r/AskReddit thread about pictures that make you speechless.
412,,[deleted]
413,thwangy,"It's not evidence of privilege, but it's reflective of the reality of privilege. 

Men are the majority of the homeless, and yet women only shelters are popular and men only shelters don't exist. "
414,Kongkiller,Gross! I know you're a feminist! Why the hell are you here? To troll people?
415,,[deleted]
416,roadhand,"Satire is a form of communication used to provoke change, often with humour, by ridiculing the subject - in this case the oft used feminist phrase ""check your privilege"". Just as people have embraced the word nigger to own it and try to remove the negative connotations, these authors are attempting to do the same, and quite well IMO."
417,EvilPundit,"Not quite a rant, but it seems to fit Point 2 in [""What We're About""](http://www.reddit.com/r/MensRants/comments/12b0xk/the_rmensrants_mission_statement_or_wtf_is_this/).

Most of you have probably seen these before, but this is the biggest collection I've yet found, and has a lot of new ones."
418,MrStinky,I laughed quite hard at these. Unfortunately when I was laughing a man had just tripped on a rug so it looked like I was laughing at him and not what was on my computer screen. I still laughed 
419,Spiral-knight,Fucking love these
420,Nerdloc,That's 4chan humor in a nutshell though. Hence why they all get pissed off when they see their precious little memes being posted on reddit or 9gag.
421,ARedditorCalledQuest,"If we had bonus points, I've give you one for reading the sidebar. I guess an upvote will have to do."
422,Flareprime,"Anyone else feel a low level kind of instinctive disgust when you see the ""bathe in male tears"" one? I mean, you're bragging about washing with other people's biological secretions"
423,Capain_Feathersword,whats wrong with them
424,thrway_1000,"Actually, male tears is a euphemism for seamen ... but most feminists don't realize that."
