,author,subreddit
0,BasieSkanks,GenderCritical
1,DrinkingCoconut,GenderCritical
2,ABeerAndCheer,GenderCritical
3,sa7ira,GenderCritical
4,Aslan_reed,GenderCritical
5,maymoona,GenderCritical
6,aladyfleeingzombies,GenderCritical
7,Sensirr,GenderCritical
8,halloweenaita1,GenderCritical
9,ShameSchool,GenderCritical
10,CleanItUpJannie,GenderCritical
11,heidischallenge,GenderCritical
12,WomanBornGirl,GenderCritical
13,thefelineismutual,GenderCritical
14,greenapplesaregross,GenderCritical
15,cailleach-,GenderCritical
16,thrownawaybytheriver,GenderCritical
17,toy_disco,GenderCritical
18,Saitschik,GenderCritical
19,looneytoon8,GenderCritical
20,Sensirr,GenderCritical
21,17throwaways17,GenderCritical
22,looneytoon8,GenderCritical
23,,GenderCritical
24,heidischallenge,GenderCritical
25,Spriggyplayswow,GenderCritical
26,skankyferret,GenderCritical
27,fallopian_felicia,GenderCritical
28,BasieSkanks,GenderCritical
29,Critical_Percentage,GenderCritical
30,purplestreak,GenderCritical
31,kitsandkats,GenderCritical
32,throwawaybippitybop,GenderCritical
33,MediocreFuck,GenderCritical
34,sqweeks22,GenderCritical
35,Carthimundia,GenderCritical
36,nutthefunkind,GenderCritical
37,Ramesses-ll,GenderCritical
38,AnnaSlatz,GenderCritical
39,DifferentAirGC,GenderCritical
40,DontDoxxMe_Bro,GenderCritical
41,Babablacksheep9999,GenderCritical
42,loxicom,GenderCritical
43,Pinepalm,GenderCritical
44,swizzySWERF,GenderCritical
45,Aslan_reed,GenderCritical
46,RadicalNoel,GenderCritical
47,--wellDAM--,GenderCritical
48,throwawaytheinhalant,GenderCritical
49,BasieSkanks,GenderCritical
50,JRL76182,MGTOW2
51,former_farmer,MGTOW2
52,shitlobster,MGTOW2
53,Supernumiphone,MGTOW2
54,durzashade22797,MGTOW2
55,8nUNfoSxPsK9ugYr,MGTOW2
56,PretentiousHotDude,MGTOW2
57,lordlivingston,MGTOW2
58,,MGTOW2
59,DangZagnut,MGTOW2
60,Bluebird3415,MGTOW2
61,Heisenbergeffect,MGTOW2
62,shitlobster,MGTOW2
63,MajinYUU,MGTOW2
64,Impossible-asset,MGTOW2
65,throwawayapparently9,MGTOW2
66,Frinkst21,MGTOW2
67,Supernumiphone,MGTOW2
68,inconspeakuous,MGTOW2
69,GTOH4U,MGTOW2
70,Impossible-asset,MGTOW2
71,Augustine2017,MGTOW2
72,SullenBol,MGTOW2
73,Impossible-asset,MGTOW2
74,veasel79,MGTOW2
75,CalmElk,MGTOW2
76,AndrewLyssunov,MGTOW2
77,,MGTOW2
78,Introthink,MGTOW2
79,Supernumiphone,MGTOW2
80,Destiny866,MGTOW2
81,GFitness97,MGTOW2
82,MisanthropeArtichoke,MGTOW2
83,mg-tower2,MGTOW2
84,SUEDE2BLACK,MGTOW2
85,BreakfastForDinnn,MGTOW2
86,MachoNacho031,MGTOW2
87,XplicitPandaHD,MGTOW2
88,LuciusCSulla,MGTOW2
89,goingtothecircus,MGTOW2
90,Impossible-asset,MGTOW2
91,raja-ulat,MGTOW2
92,skrt-skrt-,MGTOW2
93,Impossible-asset,MGTOW2
94,Vermik2020,MGTOW2
95,CalmElk,MGTOW2
96,CDAYt,MGTOW2
97,dollar6767,MGTOW2
98,,MGTOW2
99,Flip_Angelo,MGTOW2
100,JohnSudo,MensRights
101,tkmj75,MensRights
102,Domri_Rade,MensRights
103,drajgreen,MensRights
104,TerriChris,MensRights
105,,MensRights
106,Imnotmrabut,MensRights
107,cryobabe,MensRights
108,jedimasterclinton,MensRights
109,BaronBilgewater,MensRights
110,GallowBoob,MensRights
111,furchfur,MensRights
112,h_erbivore,MensRights
113,darkvoodoo,MensRights
114,ShariaPantyParty,MensRights
115,Monty7384,MensRights
116,thrway_1000,MensRights
117,Toraichian,MensRights
118,,MensRights
119,,MensRights
120,RoryAtWork,MensRights
121,DougDante,MensRights
122,TravisHay,MensRights
123,,MensRights
124,MelkorHimself,MensRights
125,sopun,MensRights
126,benderXX,MensRights
127,Ophiopogon,MensRights
128,Wafflestarship,MensRights
129,xXBreezy,MensRights
130,MenandBoysareGood,MensRights
131,xynomaster,MensRights
132,Daktush,MensRights
133,NastyGuyFromCanada,MensRights
134,RedJem,MensRights
135,izzycc,MensRights
136,SwiggityStag,MensRights
137,fadgearse,MensRights
138,EricAllonde,MensRights
139,xydroh,MensRights
140,keysongot,MensRights
141,NotRoosterTeeth,MensRights
142,Lurker_IV,MensRights
143,HeForeverBleeds,MensRights
144,Mustangable,MensRights
145,Thy_Lord_Castiel,MensRights
146,Chucklebuck,MensRights
147,Gocountgrainsofsand,MensRights
148,iknow__nothing,MensRights
149,,MensRights
150,terfdotcom,itsafetish
151,terfdotcom,itsafetish
152,unrulyfarmhand,itsafetish
153,gatherinfer,itsafetish
154,bigpapi579,itsafetish
155,FlatCommunication1,itsafetish
156,chippysammy,itsafetish
157,Z9837,itsafetish
158,bye-raspberry,itsafetish
159,mechanicgodcreation,itsafetish
160,cuteroom_discord,itsafetish
161,FlatCommunication1,itsafetish
162,hamsters-,itsafetish
163,daughter_of_bilitis,itsafetish
164,MegaThrowawayFemBoy,itsafetish
165,FlatCommunication1,itsafetish
166,Liberal_circlejerkk,itsafetish
167,TwinkleTitsGalore,itsafetish
168,chippysammy,itsafetish
169,gendercritfem,itsafetish
170,Chunkeeguy,itsafetish
171,PlumRavenPie,itsafetish
172,chippysammy,itsafetish
173,chippysammy,itsafetish
174,bigpapi579,itsafetish
175,bye-raspberry,itsafetish
176,terfdotcom,itsafetish
177,erisedlaer,itsafetish
178,Llamayoda,itsafetish
179,InsaneGamer369,itsafetish
180,terfdotcom,itsafetish
181,JaeBae_Kim,itsafetish
182,LuckyHazama,itsafetish
183,daughter_of_bilitis,itsafetish
184,FlatCommunication1,itsafetish
185,BasedExit,itsafetish
186,apollo3494,itsafetish
187,terfdotcom,itsafetish
188,,itsafetish
189,Vibrosphere,itsafetish
190,,itsafetish
191,FlatCommunication1,itsafetish
192,shadybellybabe,itsafetish
193,jetpatch,itsafetish
194,terfdotcom,itsafetish
195,Chunkeeguy,itsafetish
196,standingpretty,itsafetish
197,ELNP,itsafetish
198,Mana_mi,itsafetish
199,ShinyMet,itsafetish
200,ns_for_work,terfisaslur
201,lunamooncake-,terfisaslur
202,QueenRowana,terfisaslur
203,scienceisarealthing,terfisaslur
204,LesbianPrincess-,terfisaslur
205,marianep2001,terfisaslur
206,LesbianPrincess-,terfisaslur
207,chippysammy,terfisaslur
208,womenopausal,terfisaslur
209,girl_undone,terfisaslur
210,NoStreaks,terfisaslur
211,Wreough,terfisaslur
212,NoStreaks,terfisaslur
213,scienceisarealthing,terfisaslur
214,LesbianPrincess-,terfisaslur
215,scienceisarealthing,terfisaslur
216,LesbianPrincess-,terfisaslur
217,ruby_radmuppet,terfisaslur
218,ns_for_work,terfisaslur
219,myousername,terfisaslur
220,Tangleofsnakes,terfisaslur
221,dusknoirsbigredeye,terfisaslur
222,girl_undone,terfisaslur
223,QueenRowana,terfisaslur
224,finetime5,terfisaslur
225,womenopausal,terfisaslur
226,,terfisaslur
227,Boingo0220,terfisaslur
228,BigYoghurt,terfisaslur
229,melaniesmellany,terfisaslur
230,FrettyLounds,terfisaslur
231,gendercritics,terfisaslur
232,girl_undone,terfisaslur
233,daughter_of_bilitis,terfisaslur
234,FalseMembership,terfisaslur
235,expensivetrick,terfisaslur
236,SometimesJacka,terfisaslur
237,epicjewishradfem,terfisaslur
238,girl_undone,terfisaslur
239,femmefr0g,terfisaslur
240,YoureMurduringUs,terfisaslur
241,,terfisaslur
242,csemege,terfisaslur
243,LesbianPrincess-,terfisaslur
244,LesbianPrincess-,terfisaslur
245,LesbianPrincess-,terfisaslur
246,ireallyhateithere,terfisaslur
247,womenopausal,terfisaslur
248,Tangleofsnakes,terfisaslur
249,tttioga,terfisaslur
250,veinywombat,IncelsWithoutHate
251,ihpsdm,IncelsWithoutHate
252,browsingpornignoreme,IncelsWithoutHate
253,,IncelsWithoutHate
254,throwaway13121111,IncelsWithoutHate
255,The_black_pill1909,IncelsWithoutHate
256,gree3eek,IncelsWithoutHate
257,,IncelsWithoutHate
258,tFighterPilot,IncelsWithoutHate
259,danieltan1502,IncelsWithoutHate
260,loner589,IncelsWithoutHate
261,darker_than_darkness,IncelsWithoutHate
262,IamWatUcallChadpreet,IncelsWithoutHate
263,TheAmazingAnus,IncelsWithoutHate
264,Shadows1455,IncelsWithoutHate
265,,IncelsWithoutHate
266,br1847,IncelsWithoutHate
267,MutilatedPhallus,IncelsWithoutHate
268,Awayfreethrow,IncelsWithoutHate
269,Cheezeburgermac,IncelsWithoutHate
270,BroadLie,IncelsWithoutHate
271,Horrorfan97,IncelsWithoutHate
272,Kormaken,IncelsWithoutHate
273,Datingisnotfun999,IncelsWithoutHate
274,Rambocel,IncelsWithoutHate
275,hughsocash45,IncelsWithoutHate
276,hhhh__,IncelsWithoutHate
277,TheAmazingAnus,IncelsWithoutHate
278,jack-awf,IncelsWithoutHate
279,seven_pillars_of_wut,IncelsWithoutHate
280,MrSuction,IncelsWithoutHate
281,Awayfreethrow,IncelsWithoutHate
282,conkCrete,IncelsWithoutHate
283,Reformedgufestus,IncelsWithoutHate
284,voodoo1viper5by5,IncelsWithoutHate
285,Budget_Shift,IncelsWithoutHate
286,,IncelsWithoutHate
287,Incelvester,IncelsWithoutHate
288,guessimblackpillnow,IncelsWithoutHate
289,N4L8,IncelsWithoutHate
290,Throwaway1259274,IncelsWithoutHate
291,Throwaway1259274,IncelsWithoutHate
292,Jabaggs,IncelsWithoutHate
293,incelboii,IncelsWithoutHate
294,braincelaccount,IncelsWithoutHate
295,,IncelsWithoutHate
296,Awayfreethrow,IncelsWithoutHate
297,TheAmazingAnus,IncelsWithoutHate
298,FACILITATOR11503,IncelsWithoutHate
299,fornite_1,IncelsWithoutHate
